filename,width,height,class,xmin,ymin,xmax,ymax
84. walking.jpg,2714,1560,feet,1775,1388,1961,1560
84. walking.jpg,2714,1560,feet,1925,1231,2155,1492
84. walking.jpg,2714,1560,feet,1453,1302,1622,1496
84. walking.jpg,2714,1560,feet,1272,1453,1476,1560
84. walking.jpg,2714,1560,feet,1090,1000,1271,1251
58. mmmb-newyears-day-2016.jpg,1200,800,feet,577,669,681,746
58. mmmb-newyears-day-2016.jpg,1200,800,feet,821,650,920,710
58. mmmb-newyears-day-2016.jpg,1200,800,feet,1050,651,1151,793
58. mmmb-newyears-day-2016.jpg,1200,800,feet,440,563,553,616
58. mmmb-newyears-day-2016.jpg,1200,800,feet,153,624,241,707
58. mmmb-newyears-day-2016.jpg,1200,800,feet,11,485,109,558
58. mmmb-newyears-day-2016.jpg,1200,800,feet,254,509,363,572
58. mmmb-newyears-day-2016.jpg,1200,800,feet,341,535,468,588
58. mmmb-newyears-day-2016.jpg,1200,800,feet,973,485,1043,541
58. mmmb-newyears-day-2016.jpg,1200,800,feet,732,566,821,624
58. mmmb-newyears-day-2016.jpg,1200,800,feet,751,512,815,553
58. mmmb-newyears-day-2016.jpg,1200,800,feet,91,363,146,416
58. mmmb-newyears-day-2016.jpg,1200,800,feet,333,417,411,471
58. mmmb-newyears-day-2016.jpg,1200,800,feet,454,475,579,533
58. mmmb-newyears-day-2016.jpg,1200,800,feet,728,468,768,514
58. mmmb-newyears-day-2016.jpg,1200,800,feet,1019,475,1087,509
58. mmmb-newyears-day-2016.jpg,1200,800,feet,591,599,727,670
23. 9a5cf4e3d8f115aa24596bcfe92b6c47.jpg,338,423,feet,104,351,200,423
21. download.jpg,910,481,feet,132,403,203,476
21. download.jpg,910,481,feet,259,372,361,471
7. 01-walking-for-exercise-stroll-with-friends.jpg,2400,1600,feet,1001,1278,1239,1451
7. 01-walking-for-exercise-stroll-with-friends.jpg,2400,1600,feet,1504,1306,1671,1483
7. 01-walking-for-exercise-stroll-with-friends.jpg,2400,1600,feet,597,1257,813,1464
54. 91dxespopcl._uy445_.jpg,296,445,feet,104,366,203,422
81. %e8%80%81%e6%b4%be%e6%99%82%e5%b0%9a%e7%b4%b3%e5%a3%ab%e8%a3%9d10-2.jpg,2000,1337,feet,1433,1036,1636,1186
81. %e8%80%81%e6%b4%be%e6%99%82%e5%b0%9a%e7%b4%b3%e5%a3%ab%e8%a3%9d10-2.jpg,2000,1337,feet,1609,1026,1798,1168
81. %e8%80%81%e6%b4%be%e6%99%82%e5%b0%9a%e7%b4%b3%e5%a3%ab%e8%a3%9d10-2.jpg,2000,1337,feet,1927,895,2000,983
81. %e8%80%81%e6%b4%be%e6%99%82%e5%b0%9a%e7%b4%b3%e5%a3%ab%e8%a3%9d10-2.jpg,2000,1337,feet,1216,989,1410,1118
81. %e8%80%81%e6%b4%be%e6%99%82%e5%b0%9a%e7%b4%b3%e5%a3%ab%e8%a3%9d10-2.jpg,2000,1337,feet,1045,1034,1220,1153
81. %e8%80%81%e6%b4%be%e6%99%82%e5%b0%9a%e7%b4%b3%e5%a3%ab%e8%a3%9d10-2.jpg,2000,1337,feet,811,1046,972,1183
81. %e8%80%81%e6%b4%be%e6%99%82%e5%b0%9a%e7%b4%b3%e5%a3%ab%e8%a3%9d10-2.jpg,2000,1337,feet,564,1062,787,1192
81. %e8%80%81%e6%b4%be%e6%99%82%e5%b0%9a%e7%b4%b3%e5%a3%ab%e8%a3%9d10-2.jpg,2000,1337,feet,381,1086,591,1230
81. %e8%80%81%e6%b4%be%e6%99%82%e5%b0%9a%e7%b4%b3%e5%a3%ab%e8%a3%9d10-2.jpg,2000,1337,feet,346,1024,545,1117
81. %e8%80%81%e6%b4%be%e6%99%82%e5%b0%9a%e7%b4%b3%e5%a3%ab%e8%a3%9d10-2.jpg,2000,1337,feet,126,1128,380,1244
81. %e8%80%81%e6%b4%be%e6%99%82%e5%b0%9a%e7%b4%b3%e5%a3%ab%e8%a3%9d10-2.jpg,2000,1337,feet,1,975,111,1121
81. %e8%80%81%e6%b4%be%e6%99%82%e5%b0%9a%e7%b4%b3%e5%a3%ab%e8%a3%9d10-2.jpg,2000,1337,feet,1387,843,1503,933
81. %e8%80%81%e6%b4%be%e6%99%82%e5%b0%9a%e7%b4%b3%e5%a3%ab%e8%a3%9d10-2.jpg,2000,1337,feet,1594,888,1664,972
81. %e8%80%81%e6%b4%be%e6%99%82%e5%b0%9a%e7%b4%b3%e5%a3%ab%e8%a3%9d10-2.jpg,2000,1337,feet,978,815,1071,886
56. stock-photo-confident-businessman-dressed-in-an-elegant-suit-looking-away-and-holds-hand-in-pocket-while-walk-1142199767.jpg,450,320,feet,249,259,298,296
82. grey-suit-frankie_03_14_1821897_940c71b3-a378-4933-ba76-e4e722634154_large.jpg,343,480,feet,125,395,288,472
52. 20100629__debrahlee11.jpg,400,576,feet,83,442,170,555
52. 20100629__debrahlee11.jpg,400,576,feet,209,449,350,564
62. easy_walking_trails.jpg,1500,900,feet,422,755,534,884
62. easy_walking_trails.jpg,1500,900,feet,605,763,717,874
62. easy_walking_trails.jpg,1500,900,feet,901,734,1087,880
62. easy_walking_trails.jpg,1500,900,feet,148,780,277,900
47. pvpdpxfw16_3_20160601140910_4096x4096.jpg,800,1125,feet,297,954,534,1076
35. 1535577191_nypd.jpg,760,438,feet,546,319,601,357
35. 1535577191_nypd.jpg,760,438,feet,581,360,664,402
35. 1535577191_nypd.jpg,760,438,feet,729,298,760,332
35. 1535577191_nypd.jpg,760,438,feet,294,363,389,434
35. 1535577191_nypd.jpg,760,438,feet,141,345,201,387
69. nakd_embellished_suit_pants_1017-000242-0002_01c.jpg,640,959,feet,162,757,346,959
41. 10-roboticsuitpatientswalk.jpg,620,413,feet,268,320,351,392
41. 10-roboticsuitpatientswalk.jpg,620,413,feet,87,331,182,388
41. 10-roboticsuitpatientswalk.jpg,620,413,feet,509,349,615,413
41. 10-roboticsuitpatientswalk.jpg,620,413,feet,447,328,557,380
41. 10-roboticsuitpatientswalk.jpg,620,413,feet,503,290,539,342
41. 10-roboticsuitpatientswalk.jpg,620,413,feet,421,273,463,312
41. 10-roboticsuitpatientswalk.jpg,620,413,feet,212,253,247,282
41. 10-roboticsuitpatientswalk.jpg,620,413,feet,67,297,145,344
41. 10-roboticsuitpatientswalk.jpg,620,413,feet,8,284,72,331
26. 3c6a8cb500000578-4148006-image-a-24_1485177703192.jpg,962,617,feet,638,502,747,611
26. 3c6a8cb500000578-4148006-image-a-24_1485177703192.jpg,962,617,feet,436,463,514,554
26. 3c6a8cb500000578-4148006-image-a-24_1485177703192.jpg,962,617,feet,233,508,323,591
38. ggia-walkingmeditation.jpg,725,483,feet,183,393,234,459
9. 2002-tt-e20-030.jpg,630,345,feet,390,281,453,341
9. 2002-tt-e20-030.jpg,630,345,feet,538,289,593,342
9. 2002-tt-e20-030.jpg,630,345,feet,255,285,309,335
9. 2002-tt-e20-030.jpg,630,345,feet,131,289,179,326
9. 2002-tt-e20-030.jpg,630,345,feet,504,148,519,160
9. 2002-tt-e20-030.jpg,630,345,feet,518,150,539,162
9. 2002-tt-e20-030.jpg,630,345,feet,324,240,365,267
9. 2002-tt-e20-030.jpg,630,345,feet,242,238,267,271
9. 2002-tt-e20-030.jpg,630,345,feet,52,281,89,316
9. 2002-tt-e20-030.jpg,630,345,feet,16,267,55,305
9. 2002-tt-e20-030.jpg,630,345,feet,465,227,510,262
14. walkingcleland.jpg,1633,1089,feet,621,900,798,1085
14. walkingcleland.jpg,1633,1089,feet,990,675,1115,803
14. walkingcleland.jpg,1633,1089,feet,1134,625,1272,764
14. walkingcleland.jpg,1633,1089,feet,178,866,507,1060
55. 28001l219_1.jpg,415,540,feet,131,430,268,522
29. custom-made-red-2-piece-set-women-elegant-pants-suits-ladies-business-pant-suits-formal-office.jpg,400,700,feet,81,568,329,700
71. marcheactive.jpg,700,400,feet,88,322,309,378
71. marcheactive.jpg,700,400,feet,197,309,370,348
49. belk?layer=0&src=1100283_10612774_a_030_t10l00&layer=comp&$dwp_product_plp_desktop$.jpg,216,307,feet,70,227,122,303
83. 4897365_%e7%9b%b8%e7%89%87_2009-7-30_%e4%b8%8b%e5%8d%883_30_48.jpg,448,560,feet,90,459,180,504
83. 4897365_%e7%9b%b8%e7%89%87_2009-7-30_%e4%b8%8b%e5%8d%883_30_48.jpg,448,560,feet,334,423,448,477
83. 4897365_%e7%9b%b8%e7%89%87_2009-7-30_%e4%b8%8b%e5%8d%883_30_48.jpg,448,560,feet,155,497,300,560
83. 4897365_%e7%9b%b8%e7%89%87_2009-7-30_%e4%b8%8b%e5%8d%883_30_48.jpg,448,560,feet,42,407,111,440
83. 4897365_%e7%9b%b8%e7%89%87_2009-7-30_%e4%b8%8b%e5%8d%883_30_48.jpg,448,560,feet,1,449,43,500
83. 4897365_%e7%9b%b8%e7%89%87_2009-7-30_%e4%b8%8b%e5%8d%883_30_48.jpg,448,560,feet,224,459,274,521
38. chcmb-old-sac.jpg,1280,840,feet,466,593,522,652
38. chcmb-old-sac.jpg,1280,840,feet,314,501,373,540
38. chcmb-old-sac.jpg,1280,840,feet,130,505,199,545
38. chcmb-old-sac.jpg,1280,840,feet,205,446,258,480
38. chcmb-old-sac.jpg,1280,840,feet,19,409,55,434
38. chcmb-old-sac.jpg,1280,840,feet,411,474,453,506
38. chcmb-old-sac.jpg,1280,840,feet,274,470,313,506
38. chcmb-old-sac.jpg,1280,840,feet,83,462,146,502
38. chcmb-old-sac.jpg,1280,840,feet,1229,556,1277,629
38. chcmb-old-sac.jpg,1280,840,feet,802,385,831,420
"45. 0092_07249489_0013?cache=on&wid=361&fmt=jpeg&qlt=75,1&resmode=sharp2&op_usm=1,1,5,0&defaultimage=photo-coming-soon.jpg",361,452,feet,88,330,285,440
19. pc917-calca-pace-birm-suit-pants-14561.jpg,979,1305,feet,338,1083,557,1291
59. cal%c3%a7as-de-fato-1999%e2%82%ac.jpg,400,585,feet,113,476,287,580
31. cara-white-suit.jpg,736,1104,feet,269,886,574,1102
17. 485389_6615?$plp$.jpg,246,302,feet,96,253,143,294
43. marchingband.jpg,1920,1080,feet,1066,890,1247,972
43. marchingband.jpg,1920,1080,feet,1649,818,1752,891
43. marchingband.jpg,1920,1080,feet,1708,798,1809,891
43. marchingband.jpg,1920,1080,feet,129,838,248,934
43. marchingband.jpg,1920,1080,feet,27,862,154,969
43. marchingband.jpg,1920,1080,feet,701,840,801,915
43. marchingband.jpg,1920,1080,feet,801,834,908,909
43. marchingband.jpg,1920,1080,feet,951,843,1036,897
43. marchingband.jpg,1920,1080,feet,540,841,615,907
43. marchingband.jpg,1920,1080,feet,1542,823,1656,888
43. marchingband.jpg,1920,1080,feet,1416,851,1554,923
43. marchingband.jpg,1920,1080,feet,1240,836,1313,898
8. notes-on-1.jpg,820,550,feet,447,165,675,399
11. bri_1174.jpg,800,629,feet,272,535,371,624
11. bri_1174.jpg,800,629,feet,373,526,543,629
11. bri_1174.jpg,800,629,feet,178,272,210,294
11. bri_1174.jpg,800,629,feet,216,281,258,325
11. bri_1174.jpg,800,629,feet,5,318,61,353
11. bri_1174.jpg,800,629,feet,136,267,168,292
11. bri_1174.jpg,800,629,feet,659,297,697,328
48. men-wear-red-suits-and-top-hats-from-slava-zaytzev-walk-the-catwalk_qyvxljko__f0000.png,1920,1080,feet,417,832,604,994
48. men-wear-red-suits-and-top-hats-from-slava-zaytzev-walk-the-catwalk_qyvxljko__f0000.png,1920,1080,feet,592,884,730,1041
48. men-wear-red-suits-and-top-hats-from-slava-zaytzev-walk-the-catwalk_qyvxljko__f0000.png,1920,1080,feet,913,1016,1145,1080
48. men-wear-red-suits-and-top-hats-from-slava-zaytzev-walk-the-catwalk_qyvxljko__f0000.png,1920,1080,feet,1227,845,1431,1038
48. men-wear-red-suits-and-top-hats-from-slava-zaytzev-walk-the-catwalk_qyvxljko__f0000.png,1920,1080,feet,1423,857,1569,983
48. men-wear-red-suits-and-top-hats-from-slava-zaytzev-walk-the-catwalk_qyvxljko__f0000.png,1920,1080,feet,787,658,894,725
48. men-wear-red-suits-and-top-hats-from-slava-zaytzev-walk-the-catwalk_qyvxljko__f0000.png,1920,1080,feet,304,712,406,795
48. men-wear-red-suits-and-top-hats-from-slava-zaytzev-walk-the-catwalk_qyvxljko__f0000.png,1920,1080,feet,1594,697,1711,807
48. men-wear-red-suits-and-top-hats-from-slava-zaytzev-walk-the-catwalk_qyvxljko__f0000.png,1920,1080,feet,1765,745,1911,877
70. marching_7.jpg,500,500,feet,118,418,178,460
70. marching_7.jpg,500,500,feet,47,438,123,475
70. marching_7.jpg,500,500,feet,319,438,386,475
70. marching_7.jpg,500,500,feet,381,427,431,462
44. shutterstock_210347872-4-kids-walking.jpg,1000,667,feet,545,590,623,653
44. shutterstock_210347872-4-kids-walking.jpg,1000,667,feet,676,583,748,660
44. shutterstock_210347872-4-kids-walking.jpg,1000,667,feet,397,600,476,655
44. shutterstock_210347872-4-kids-walking.jpg,1000,667,feet,240,597,335,667
63. buy-mens-suit-pants-online_24f3d09a-f5b4-4f87-9cb1-51664a759137_1024x1024.jpg,632,1024,feet,200,835,542,996
27. 24e3ba7156f9037a3fce46b60124fda7.jpg,641,641,feet,210,457,512,641
30. men-in-heels.png,616,394,feet,306,309,360,394
30. men-in-heels.png,616,394,feet,200,317,266,378
30. men-in-heels.png,616,394,feet,79,317,177,394
30. men-in-heels.png,616,394,feet,396,200,418,219
30. men-in-heels.png,616,394,feet,380,199,403,224
30. men-in-heels.png,616,394,feet,567,241,606,302
85. 02-krikor-jabotian.jpg,600,902,feet,198,771,332,892
16. nakd_straight_suit_pants_1018-001067-2008_01c.jpg,640,960,feet,219,699,426,937
50. 47-grid.jpg,2500,1668,feet,913,1131,1084,1225
50. 47-grid.jpg,2500,1668,feet,1204,1134,1333,1225
50. 47-grid.jpg,2500,1668,feet,1526,1132,1676,1254
75. twd_901_jld_0509_5239_rt.jpg,618,412,feet,278,367,383,412
75. twd_901_jld_0509_5239_rt.jpg,618,412,feet,436,382,533,412
75. twd_901_jld_0509_5239_rt.jpg,618,412,feet,117,339,180,398
15. couple-walking-1050x600.jpg,1050,600,feet,680,446,748,541
15. couple-walking-1050x600.jpg,1050,600,feet,761,455,886,542
28. 8f0b55923af1e6f2465d4e76d5a7c481.jpg,327,417,feet,113,332,188,417
61. 5512500606_2_1_1.jpg,400,600,feet,86,459,304,573
46. marching-marines-9529924.jpg,1300,1065,feet,705,749,832,857
46. marching-marines-9529924.jpg,1300,1065,feet,51,523,121,563
46. marching-marines-9529924.jpg,1300,1065,feet,28,529,79,580
46. marching-marines-9529924.jpg,1300,1065,feet,1,540,60,589
46. marching-marines-9529924.jpg,1300,1065,feet,70,740,282,838
46. marching-marines-9529924.jpg,1300,1065,feet,250,693,402,786
46. marching-marines-9529924.jpg,1300,1065,feet,395,666,505,748
46. marching-marines-9529924.jpg,1300,1065,feet,490,707,628,788
46. marching-marines-9529924.jpg,1300,1065,feet,635,676,734,754
46. marching-marines-9529924.jpg,1300,1065,feet,532,645,653,710
46. marching-marines-9529924.jpg,1300,1065,feet,830,723,940,803
46. marching-marines-9529924.jpg,1300,1065,feet,939,676,1027,762
46. marching-marines-9529924.jpg,1300,1065,feet,1215,594,1300,661
46. marching-marines-9529924.jpg,1300,1065,feet,1185,553,1251,603
46. marching-marines-9529924.jpg,1300,1065,feet,1097,620,1172,714
4. new-blazer-ol-work-to-wear-formal-jacket-pants-suit-women-business-burgundy-office-uniform-ladies.jpg,640,640,feet,235,524,432,640
14. 05279804_zi.jpg,1760,2040,feet,554,1574,1105,2010
47. ahr0cdovl3d3dy5saxzlc2npzw5jzs5jb20vaw1hz2vzl2kvmdawlza1ms80mtqvb3jpz2luywwvd2fsay10by1zy2hvb2wtmtawode2ltaylmpwzw==.jpg,660,385,feet,221,322,426,366
47. ahr0cdovl3d3dy5saxzlc2npzw5jzs5jb20vaw1hz2vzl2kvmdawlza1ms80mtqvb3jpz2luywwvd2fsay10by1zy2hvb2wtmtawode2ltaylmpwzw==.jpg,660,385,feet,264,316,450,360
62. marching-100-2-940x560-1.jpg,940,560,feet,194,419,279,467
62. marching-100-2-940x560-1.jpg,940,560,feet,95,397,144,429
62. marching-100-2-940x560-1.jpg,940,560,feet,419,438,504,527
62. marching-100-2-940x560-1.jpg,940,560,feet,551,422,626,468
62. marching-100-2-940x560-1.jpg,940,560,feet,745,405,825,446
62. marching-100-2-940x560-1.jpg,940,560,feet,847,422,940,467
62. marching-100-2-940x560-1.jpg,940,560,feet,634,383,690,403
62. marching-100-2-940x560-1.jpg,940,560,feet,158,412,225,445
62. marching-100-2-940x560-1.jpg,940,560,feet,293,398,394,433
62. marching-100-2-940x560-1.jpg,940,560,feet,56,381,106,407
62. marching-100-2-940x560-1.jpg,940,560,feet,272,382,304,411
62. marching-100-2-940x560-1.jpg,940,560,feet,10,375,39,397
62. marching-100-2-940x560-1.jpg,940,560,feet,38,359,64,379
21. 05084422_zi.jpg,414,480,feet,121,383,255,476
54. sugar-bowl-hero-4-band.jpg,3000,2250,feet,1881,1897,2150,2186
54. sugar-bowl-hero-4-band.jpg,3000,2250,feet,2750,1890,3000,2144
54. sugar-bowl-hero-4-band.jpg,3000,2250,feet,1031,1959,1297,2197
54. sugar-bowl-hero-4-band.jpg,3000,2250,feet,1757,1712,1976,1928
54. sugar-bowl-hero-4-band.jpg,3000,2250,feet,2662,1521,2809,1721
54. sugar-bowl-hero-4-band.jpg,3000,2250,feet,959,1693,1083,1905
54. sugar-bowl-hero-4-band.jpg,3000,2250,feet,290,1933,514,2197
67. 026_rp-fw18_ft_calca_punho_preta-1.jpg,1200,1200,feet,325,1016,823,1200
21. 17654224-moscow-february-22-man-wear-suit-and-hat-from-slava-zaytzev-walk-the-catwalk-in-the-collection-premi.jpg,866,1300,feet,333,958,575,1158
67. stanford_horns-250x250.jpg,250,250,feet,92,211,120,228
67. stanford_horns-250x250.jpg,250,250,feet,148,211,171,227
67. stanford_horns-250x250.jpg,250,250,feet,211,214,235,229
67. stanford_horns-250x250.jpg,250,250,feet,44,210,65,224
67. stanford_horns-250x250.jpg,250,250,feet,8,178,22,187
67. stanford_horns-250x250.jpg,250,250,feet,35,182,49,193
67. stanford_horns-250x250.jpg,250,250,feet,69,177,79,184
67. stanford_horns-250x250.jpg,250,250,feet,91,180,100,191
67. stanford_horns-250x250.jpg,250,250,feet,114,174,125,183
67. stanford_horns-250x250.jpg,250,250,feet,137,179,150,189
67. stanford_horns-250x250.jpg,250,250,feet,171,190,189,201
67. stanford_horns-250x250.jpg,250,250,feet,200,189,216,202
67. stanford_horns-250x250.jpg,250,250,feet,194,175,205,185
67. stanford_horns-250x250.jpg,250,250,feet,236,173,248,184
26. calcas-de-fato-de-treino-l36-190-m-gris-null-wp264_1_zc1.jpg,2000,2000,feet,541,1273,1320,2000
44. womens-pant-suits-styles-for-2015-2016-22.jpg,683,1024,feet,234,850,438,1016
49. 144591.jpg,1200,1803,feet,386,1519,694,1759
77. image?url=https%3a%2f%2fpeopledotcom.files.wordpress.com%2f2018%2f05%2fbeckhams-1-20001.jpg%3fw%3d450&w=450&c=sc&poi=face&q=85.jpg,450,675,feet,249,571,424,675
77. image?url=https%3a%2f%2fpeopledotcom.files.wordpress.com%2f2018%2f05%2fbeckhams-1-20001.jpg%3fw%3d450&w=450&c=sc&poi=face&q=85.jpg,450,675,feet,58,603,234,675
52. file_15465778802229.jpeg,810,1080,feet,234,767,773,1050
72. pvpdpxfw16_5_20160601140910_4096x4096.jpg,800,1125,feet,278,958,504,1079
"68. 0039_03251766_0920_f01?cache=on&wid=960&fmt=jpeg&qlt=85,1&resmode=sharp2&op_usm=1,1,5,0&defaultimage=photo-coming-soon.jpg",960,1200,feet,136,814,781,1200
29. f5aec17ed29cd0974bb1bba708e647a103d0bddb.jpg,770,510,feet,381,393,467,470
30. marchingband.jpg,1084,737,feet,687,534,748,597
30. marchingband.jpg,1084,737,feet,794,495,849,553
30. marchingband.jpg,1084,737,feet,938,454,990,508
30. marchingband.jpg,1084,737,feet,1017,401,1078,442
30. marchingband.jpg,1084,737,feet,451,469,524,517
30. marchingband.jpg,1084,737,feet,333,523,435,599
30. marchingband.jpg,1084,737,feet,232,475,309,527
30. marchingband.jpg,1084,737,feet,81,432,148,482
30. marchingband.jpg,1084,737,feet,318,438,375,483
30. marchingband.jpg,1084,737,feet,604,467,652,515
30. marchingband.jpg,1084,737,feet,547,450,596,485
30. marchingband.jpg,1084,737,feet,158,345,194,374
74. 022713-health-walking-exercise-park-healthy-lifestyle-friends-outdoors.png,1200,675,feet,489,504,641,587
74. 022713-health-walking-exercise-park-healthy-lifestyle-friends-outdoors.png,1200,675,feet,331,499,417,600
7. 13239809895_dfcba8bece_b.jpg,1024,576,feet,258,467,373,551
7. 13239809895_dfcba8bece_b.jpg,1024,576,feet,410,434,538,508
7. 13239809895_dfcba8bece_b.jpg,1024,576,feet,169,394,235,432
7. 13239809895_dfcba8bece_b.jpg,1024,576,feet,555,422,689,468
7. 13239809895_dfcba8bece_b.jpg,1024,576,feet,676,389,817,445
7. 13239809895_dfcba8bece_b.jpg,1024,576,feet,770,366,913,416
7. 13239809895_dfcba8bece_b.jpg,1024,576,feet,870,352,981,405
7. 13239809895_dfcba8bece_b.jpg,1024,576,feet,960,347,1019,377
7. 13239809895_dfcba8bece_b.jpg,1024,576,feet,496,326,572,374
7. 13239809895_dfcba8bece_b.jpg,1024,576,feet,127,343,170,380
7. 13239809895_dfcba8bece_b.jpg,1024,576,feet,97,317,147,347
7. 13239809895_dfcba8bece_b.jpg,1024,576,feet,346,319,389,351
11. woman_feet_walking_trail.jpg,653,456,feet,96,109,434,436
50. 653561650_1_360x464.jpg,360,464,feet,54,355,245,464
85. p_086453688fm.jpg,1333,2000,feet,257,1773,911,2000
58. 489089_6615?$plp$.jpg,246,302,feet,74,240,161,290
41. pls0390bl_1.jpg,360,540,feet,81,438,260,540
2. 84.jpg,1471,981,feet,584,347,1061,809
48. drummajor_toledoblade.jpg,620,298,feet,223,200,260,243
48. drummajor_toledoblade.jpg,620,298,feet,175,202,203,237
48. drummajor_toledoblade.jpg,620,298,feet,303,233,343,277
48. drummajor_toledoblade.jpg,620,298,feet,503,215,526,243
48. drummajor_toledoblade.jpg,620,298,feet,558,198,581,230
48. drummajor_toledoblade.jpg,620,298,feet,574,194,601,219
48. drummajor_toledoblade.jpg,620,298,feet,125,205,154,230
48. drummajor_toledoblade.jpg,620,298,feet,68,196,96,225
48. drummajor_toledoblade.jpg,620,298,feet,22,194,48,227
48. drummajor_toledoblade.jpg,620,298,feet,263,192,292,228
48. drummajor_toledoblade.jpg,620,298,feet,428,194,462,236
48. drummajor_toledoblade.jpg,620,298,feet,366,196,395,234
48. drummajor_toledoblade.jpg,620,298,feet,488,196,512,225
2. 00113619105094____1__516x640.jpg,516,640,feet,144,456,327,635
79. article-0-02ecd1f800000578-91_468x733.jpg,468,733,feet,204,545,450,680
79. article-0-02ecd1f800000578-91_468x733.jpg,468,733,feet,6,612,144,733
16. calcas-de-fato-de-treino-l36-190-m-gris-null-wp264_1_frf4.jpg,501,660,feet,44,324,402,650
34. bandpic.jpg,478,249,feet,283,161,447,219
34. bandpic.jpg,478,249,feet,251,146,391,202
34. bandpic.jpg,478,249,feet,6,153,181,210
34. bandpic.jpg,478,249,feet,186,132,261,175
14. sst_track_pants_black_ce2400_21_model.jpg,600,600,feet,117,375,435,583
36. armani-male-model.jpg,750,484,feet,260,362,312,421
2. marching-band-day.jpg,1999,1328,feet,71,905,245,1035
2. marching-band-day.jpg,1999,1328,feet,300,999,525,1196
2. marching-band-day.jpg,1999,1328,feet,660,850,784,997
2. marching-band-day.jpg,1999,1328,feet,1215,854,1308,963
2. marching-band-day.jpg,1999,1328,feet,1609,784,1684,881
2. marching-band-day.jpg,1999,1328,feet,1925,686,1987,764
2. marching-band-day.jpg,1999,1328,feet,1374,703,1455,786
2. marching-band-day.jpg,1999,1328,feet,1502,700,1566,773
2. marching-band-day.jpg,1999,1328,feet,1015,722,1074,789
2. marching-band-day.jpg,1999,1328,feet,892,812,999,910
2. marching-band-day.jpg,1999,1328,feet,784,755,857,835
2. marching-band-day.jpg,1999,1328,feet,561,786,705,899
2. marching-band-day.jpg,1999,1328,feet,1170,709,1234,773
85. short-suit-walk-in-wonderland-02.jpg,800,1200,feet,245,957,441,1152
68. 1000x-1.jpg,1000,740,feet,175,591,287,740
68. 1000x-1.jpg,1000,740,feet,670,566,775,740
68. 1000x-1.jpg,1000,740,feet,962,669,999,740
68. 1000x-1.jpg,1000,740,feet,814,235,892,327
68. 1000x-1.jpg,1000,740,feet,612,149,661,207
68. 1000x-1.jpg,1000,740,feet,455,193,499,246
68. 1000x-1.jpg,1000,740,feet,109,101,160,179
86. calcas_de_fato_de_treino_anichkov_vermelho_bs2221_21_model.jpg,600,600,feet,149,465,459,581
81. b96561664285bb40a5c0383d9f99.jpg,640,560,feet,150,454,564,557
71. guard_picture.jpg,3341,2227,feet,1480,1931,1723,2129
71. guard_picture.jpg,3341,2227,feet,2448,1834,2687,1995
71. guard_picture.jpg,3341,2227,feet,2975,1790,3192,1873
71. guard_picture.jpg,3341,2227,feet,2304,1773,2433,1858
71. guard_picture.jpg,3341,2227,feet,2043,1831,2167,1970
71. guard_picture.jpg,3341,2227,feet,2133,1965,2375,2165
71. guard_picture.jpg,3341,2227,feet,1892,1756,2006,1856
71. guard_picture.jpg,3341,2227,feet,1748,1697,1821,1809
71. guard_picture.jpg,3341,2227,feet,1431,1670,1541,1756
71. guard_picture.jpg,3341,2227,feet,502,1502,589,1546
71. guard_picture.jpg,3341,2227,feet,594,1502,687,1546
71. guard_picture.jpg,3341,2227,feet,1133,1731,1294,1826
71. guard_picture.jpg,3341,2227,feet,1262,1619,1348,1677
87. _dsc0946-x2.jpg,640,960,feet,485,882,567,916
87. _dsc0946-x2.jpg,640,960,feet,392,847,474,895
87. _dsc0946-x2.jpg,640,960,feet,305,924,402,960
87. _dsc0946-x2.jpg,640,960,feet,545,820,621,861
87. _dsc0946-x2.jpg,640,960,feet,194,909,284,944
49. walking.jpg,1000,636,feet,139,275,438,532
73. jnku2x-u_400x400.jpg,400,400,feet,50,270,115,293
73. jnku2x-u_400x400.jpg,400,400,feet,5,239,42,252
73. jnku2x-u_400x400.jpg,400,400,feet,36,231,71,246
73. jnku2x-u_400x400.jpg,400,400,feet,269,306,336,361
73. jnku2x-u_400x400.jpg,400,400,feet,137,287,219,321
73. jnku2x-u_400x400.jpg,400,400,feet,304,243,353,277
73. jnku2x-u_400x400.jpg,400,400,feet,357,196,382,207
20. 00117953104118____1__516x640.jpg,516,640,feet,115,413,409,623
70. walking-man_wide-1d8b5fdd16e852b9e586ef948ba76b8e7b8f7466.jpg,1400,787,feet,714,625,893,770
1. b767e02e928d18c7aedd82db9b5baf7a.jpg,641,641,feet,252,449,383,625
37. marching-band-10.jpg,4200,3663,feet,1892,3113,2446,3590
37. marching-band-10.jpg,4200,3663,feet,2746,3029,3223,3517
37. marching-band-10.jpg,4200,3663,feet,3230,3179,3876,3567
37. marching-band-10.jpg,4200,3663,feet,542,3213,1100,3583
37. marching-band-10.jpg,4200,3663,feet,1311,3098,1919,3398
37. marching-band-10.jpg,4200,3663,feet,1011,3037,1342,3475
37. marching-band-10.jpg,4200,3663,feet,207,3102,634,3394
14. marching_band_drummers_in_parade_at_texas_state_fair_2007.jpg,3257,1364,feet,1456,957,1770,1188
14. marching_band_drummers_in_parade_at_texas_state_fair_2007.jpg,3257,1364,feet,1842,864,2197,1052
14. marching_band_drummers_in_parade_at_texas_state_fair_2007.jpg,3257,1364,feet,2228,802,2568,993
14. marching_band_drummers_in_parade_at_texas_state_fair_2007.jpg,3257,1364,feet,2587,759,2887,940
14. marching_band_drummers_in_parade_at_texas_state_fair_2007.jpg,3257,1364,feet,2828,752,3135,881
14. marching_band_drummers_in_parade_at_texas_state_fair_2007.jpg,3257,1364,feet,3028,719,3257,827
14. marching_band_drummers_in_parade_at_texas_state_fair_2007.jpg,3257,1364,feet,966,1064,1297,1359
14. marching_band_drummers_in_parade_at_texas_state_fair_2007.jpg,3257,1364,feet,770,943,1004,1157
14. marching_band_drummers_in_parade_at_texas_state_fair_2007.jpg,3257,1364,feet,590,881,766,1031
14. marching_band_drummers_in_parade_at_texas_state_fair_2007.jpg,3257,1364,feet,475,807,611,933
14. marching_band_drummers_in_parade_at_texas_state_fair_2007.jpg,3257,1364,feet,387,766,494,869
14. marching_band_drummers_in_parade_at_texas_state_fair_2007.jpg,3257,1364,feet,206,681,301,757
14. marching_band_drummers_in_parade_at_texas_state_fair_2007.jpg,3257,1364,feet,66,609,161,693
14. marching_band_drummers_in_parade_at_texas_state_fair_2007.jpg,3257,1364,feet,304,723,394,809
14. marching_band_drummers_in_parade_at_texas_state_fair_2007.jpg,3257,1364,feet,1330,631,1473,733
14. marching_band_drummers_in_parade_at_texas_state_fair_2007.jpg,3257,1364,feet,1654,740,1840,823
14. marching_band_drummers_in_parade_at_texas_state_fair_2007.jpg,3257,1364,feet,2416,643,2613,728
44. 1209zz_0309dz222-520x346.jpg,520,346,feet,282,253,326,303
44. 1209zz_0309dz222-520x346.jpg,520,346,feet,429,248,481,311
44. 1209zz_0309dz222-520x346.jpg,520,346,feet,111,271,169,317
44. 1209zz_0309dz222-520x346.jpg,520,346,feet,18,261,84,304
1. 1200px-band_of_the_welsh_guards%2c_buckingham_palace%2c_london_-_diliff.jpg,1200,719,feet,215,602,323,677
1. 1200px-band_of_the_welsh_guards%2c_buckingham_palace%2c_london_-_diliff.jpg,1200,719,feet,462,557,532,610
1. 1200px-band_of_the_welsh_guards%2c_buckingham_palace%2c_london_-_diliff.jpg,1200,719,feet,542,531,606,579
1. 1200px-band_of_the_welsh_guards%2c_buckingham_palace%2c_london_-_diliff.jpg,1200,719,feet,690,569,781,629
1. 1200px-band_of_the_welsh_guards%2c_buckingham_palace%2c_london_-_diliff.jpg,1200,719,feet,922,578,1008,635
1. 1200px-band_of_the_welsh_guards%2c_buckingham_palace%2c_london_-_diliff.jpg,1200,719,feet,798,529,861,564
1. 1200px-band_of_the_welsh_guards%2c_buckingham_palace%2c_london_-_diliff.jpg,1200,719,feet,840,509,889,543
1. 1200px-band_of_the_welsh_guards%2c_buckingham_palace%2c_london_-_diliff.jpg,1200,719,feet,1094,426,1121,445
1. 1200px-band_of_the_welsh_guards%2c_buckingham_palace%2c_london_-_diliff.jpg,1200,719,feet,1070,410,1088,426
1. 1200px-band_of_the_welsh_guards%2c_buckingham_palace%2c_london_-_diliff.jpg,1200,719,feet,59,529,163,591
1. 1200px-band_of_the_welsh_guards%2c_buckingham_palace%2c_london_-_diliff.jpg,1200,719,feet,181,513,249,562
1. 1200px-band_of_the_welsh_guards%2c_buckingham_palace%2c_london_-_diliff.jpg,1200,719,feet,268,550,348,598
1. 1200px-band_of_the_welsh_guards%2c_buckingham_palace%2c_london_-_diliff.jpg,1200,719,feet,363,534,438,572
1. 1200px-band_of_the_welsh_guards%2c_buckingham_palace%2c_london_-_diliff.jpg,1200,719,feet,448,516,511,552
1. 1200px-band_of_the_welsh_guards%2c_buckingham_palace%2c_london_-_diliff.jpg,1200,719,feet,609,515,672,560
1. 1200px-band_of_the_welsh_guards%2c_buckingham_palace%2c_london_-_diliff.jpg,1200,719,feet,751,555,814,589
"26. new_w_suit_17_f27?cache=on&wid=640&fmt=jpeg&qlt=70,1&resmode=sharp2&op_usm=1,1,5,0&fit=fit,1.jpg",640,1067,feet,115,839,362,1053
62. simplicity-5161.jpg,247,296,feet,26,259,97,291
62. simplicity-5161.jpg,247,296,feet,93,226,168,258
62. simplicity-5161.jpg,247,296,feet,166,251,220,294
19. calcas-de-treino-swell-calcas-de-treino-swell-grey-marl.jpg,300,300,feet,127,199,191,281
72. 2016-lu-web-photo-patriotic-flags.jpg,560,325,feet,175,219,193,230
72. 2016-lu-web-photo-patriotic-flags.jpg,560,325,feet,236,214,254,227
72. 2016-lu-web-photo-patriotic-flags.jpg,560,325,feet,297,211,316,224
72. 2016-lu-web-photo-patriotic-flags.jpg,560,325,feet,351,206,363,219
72. 2016-lu-web-photo-patriotic-flags.jpg,560,325,feet,408,201,423,214
72. 2016-lu-web-photo-patriotic-flags.jpg,560,325,feet,459,201,474,213
72. 2016-lu-web-photo-patriotic-flags.jpg,560,325,feet,522,232,547,248
72. 2016-lu-web-photo-patriotic-flags.jpg,560,325,feet,52,230,67,238
72. 2016-lu-web-photo-patriotic-flags.jpg,560,325,feet,119,222,135,232
72. 2016-lu-web-photo-patriotic-flags.jpg,560,325,feet,486,158,499,169
72. 2016-lu-web-photo-patriotic-flags.jpg,560,325,feet,97,183,121,194
72. 2016-lu-web-photo-patriotic-flags.jpg,560,325,feet,498,106,506,111
72. 2016-lu-web-photo-patriotic-flags.jpg,560,325,feet,369,161,382,171
72. 2016-lu-web-photo-patriotic-flags.jpg,560,325,feet,339,174,355,181
72. 2016-lu-web-photo-patriotic-flags.jpg,560,325,feet,320,175,336,183
72. 2016-lu-web-photo-patriotic-flags.jpg,560,325,feet,274,174,293,184
72. 2016-lu-web-photo-patriotic-flags.jpg,560,325,feet,251,176,275,186
72. 2016-lu-web-photo-patriotic-flags.jpg,560,325,feet,22,190,39,200
72. 2016-lu-web-photo-patriotic-flags.jpg,560,325,feet,139,181,158,190
72. 2016-lu-web-photo-patriotic-flags.jpg,560,325,feet,206,179,221,189
72. 2016-lu-web-photo-patriotic-flags.jpg,560,325,feet,59,185,81,194
34. man-suit-road-street-car-photography-male-walk-model-young-spring-tie-fashion-blue-clothing-shirt-m-gentleman-photograph-beautiful-everyday-photo-shoot-innovator-formal-wear-622355.jpg,3264,4928,feet,1121,3582,2094,4524
4. man-suit-accuracy-walk-forward-15360713.jpg,957,1300,feet,361,998,575,1293
42. homecoming_band_15f-de3b67a699eae0089a7687b9ba7dd1e1.jpg,2048,1536,feet,183,841,270,934
42. homecoming_band_15f-de3b67a699eae0089a7687b9ba7dd1e1.jpg,2048,1536,feet,1773,955,1896,1060
42. homecoming_band_15f-de3b67a699eae0089a7687b9ba7dd1e1.jpg,2048,1536,feet,220,1345,339,1452
42. homecoming_band_15f-de3b67a699eae0089a7687b9ba7dd1e1.jpg,2048,1536,feet,270,1007,386,1137
42. homecoming_band_15f-de3b67a699eae0089a7687b9ba7dd1e1.jpg,2048,1536,feet,249,595,338,676
42. homecoming_band_15f-de3b67a699eae0089a7687b9ba7dd1e1.jpg,2048,1536,feet,654,291,691,320
42. homecoming_band_15f-de3b67a699eae0089a7687b9ba7dd1e1.jpg,2048,1536,feet,731,286,765,312
42. homecoming_band_15f-de3b67a699eae0089a7687b9ba7dd1e1.jpg,2048,1536,feet,417,807,492,913
10. 51ptgqqg3vl._ux342_.jpg,342,428,feet,111,343,211,421
53. naomi-campbell-walks-dolce-gabbana-mens-runway-10.jpg,1222,817,feet,553,660,654,744
53. naomi-campbell-walks-dolce-gabbana-mens-runway-10.jpg,1222,817,feet,363,664,474,748
53. naomi-campbell-walks-dolce-gabbana-mens-runway-10.jpg,1222,817,feet,179,654,325,745
53. naomi-campbell-walks-dolce-gabbana-mens-runway-10.jpg,1222,817,feet,725,663,840,739
53. naomi-campbell-walks-dolce-gabbana-mens-runway-10.jpg,1222,817,feet,872,644,1049,752
53. naomi-campbell-walks-dolce-gabbana-mens-runway-10.jpg,1222,817,feet,1,610,40,687
58. walking.jpg,460,287,feet,217,224,318,269
58. walking.jpg,460,287,feet,72,225,200,270
32. 00157319204368____1__516x640.jpg,516,640,feet,89,435,370,625
41. rocss18clo200_1.jpg,1400,1400,feet,553,1149,845,1387
78. walk-walking-healthy-sky-news_4327774.jpg,1096,616,feet,172,196,559,579
15. pants-suit-georgie-black-3.jpg,1200,1800,feet,258,1389,773,1727
2. image.jpg,2977,2232,feet,958,1893,1309,2216
2. image.jpg,2977,2232,feet,1693,1846,2007,2226
2. image.jpg,2977,2232,feet,2337,1853,2616,2232
2. image.jpg,2977,2232,feet,221,1821,691,2184
2. image.jpg,2977,2232,feet,1323,1472,1472,1642
2. image.jpg,2977,2232,feet,2893,1200,2977,1329
2. image.jpg,2977,2232,feet,2174,1126,2260,1249
31. best-walking-shoes-person-walking.jpg,1024,683,feet,489,58,857,496
27. 300px-the_pride_of_the_sunshine.jpg,300,144,feet,192,98,237,119
27. 300px-the_pride_of_the_sunshine.jpg,300,144,feet,250,92,278,109
27. 300px-the_pride_of_the_sunshine.jpg,300,144,feet,279,86,296,99
27. 300px-the_pride_of_the_sunshine.jpg,300,144,feet,55,120,108,141
27. 300px-the_pride_of_the_sunshine.jpg,300,144,feet,122,110,178,133
27. 300px-the_pride_of_the_sunshine.jpg,300,144,feet,111,98,133,114
33. walking-may-reduce-risk-of-heart-failure-in-older-women-722x406.jpg,722,406,feet,249,285,379,389
64. rio1bog5px3aemw1ershwdnsoag6jccshqdjviy5rdgp41ycwgkjnfhxibonxtbc.jpeg,853,1024,feet,193,674,677,987
11. rm8764w_navy_1.jpg,908,1362,feet,172,1068,635,1302
35. pant-suit-6.jpg,640,800,feet,296,655,534,800
28. three-teenage-boys-in-marching-band-uniforms-playing-drums-picture-id200417773-013.jpg,1024,735,feet,366,581,590,659
28. three-teenage-boys-in-marching-band-uniforms-playing-drums-picture-id200417773-013.jpg,1024,735,feet,713,568,951,663
28. three-teenage-boys-in-marching-band-uniforms-playing-drums-picture-id200417773-013.jpg,1024,735,feet,43,566,244,662
68. alamo-bowl-band-hero-3000px.jpg,3000,2000,feet,1843,1871,2104,2000
68. alamo-bowl-band-hero-3000px.jpg,3000,2000,feet,2071,1797,2243,1910
68. alamo-bowl-band-hero-3000px.jpg,3000,2000,feet,2191,1692,2323,1827
68. alamo-bowl-band-hero-3000px.jpg,3000,2000,feet,2262,1651,2391,1738
68. alamo-bowl-band-hero-3000px.jpg,3000,2000,feet,2375,1592,2499,1718
68. alamo-bowl-band-hero-3000px.jpg,3000,2000,feet,2462,1538,2610,1638
68. alamo-bowl-band-hero-3000px.jpg,3000,2000,feet,2584,1477,2684,1566
68. alamo-bowl-band-hero-3000px.jpg,3000,2000,feet,1493,1608,1649,1731
68. alamo-bowl-band-hero-3000px.jpg,3000,2000,feet,943,1531,1080,1614
68. alamo-bowl-band-hero-3000px.jpg,3000,2000,feet,567,1644,708,1727
68. alamo-bowl-band-hero-3000px.jpg,3000,2000,feet,704,1918,883,2000
68. alamo-bowl-band-hero-3000px.jpg,3000,2000,feet,1054,1788,1208,1899
68. alamo-bowl-band-hero-3000px.jpg,3000,2000,feet,1417,1488,1502,1553
77. mobile_footer_hero_bg2_470_340_80.jpg,470,340,feet,439,160,457,171
77. mobile_footer_hero_bg2_470_340_80.jpg,470,340,feet,453,155,470,169
77. mobile_footer_hero_bg2_470_340_80.jpg,470,340,feet,333,157,369,174
77. mobile_footer_hero_bg2_470_340_80.jpg,470,340,feet,272,156,310,174
77. mobile_footer_hero_bg2_470_340_80.jpg,470,340,feet,211,158,260,175
77. mobile_footer_hero_bg2_470_340_80.jpg,470,340,feet,195,154,224,175
77. mobile_footer_hero_bg2_470_340_80.jpg,470,340,feet,89,160,137,175
77. mobile_footer_hero_bg2_470_340_80.jpg,470,340,feet,101,156,149,172
77. mobile_footer_hero_bg2_470_340_80.jpg,470,340,feet,118,160,162,175
77. mobile_footer_hero_bg2_470_340_80.jpg,470,340,feet,23,156,63,173
8. marching-band.jpg,764,424,feet,442,367,484,407
8. marching-band.jpg,764,424,feet,505,345,543,381
8. marching-band.jpg,764,424,feet,216,359,289,402
8. marching-band.jpg,764,424,feet,326,335,372,373
8. marching-band.jpg,764,424,feet,111,336,158,369
8. marching-band.jpg,764,424,feet,60,318,114,352
8. marching-band.jpg,764,424,feet,1,355,56,401
8. marching-band.jpg,764,424,feet,216,323,250,353
8. marching-band.jpg,764,424,feet,273,311,306,342
8. marching-band.jpg,764,424,feet,313,289,344,315
8. marching-band.jpg,764,424,feet,382,304,421,353
8. marching-band.jpg,764,424,feet,553,333,581,361
8. marching-band.jpg,764,424,feet,576,318,605,346
8. marching-band.jpg,764,424,feet,607,302,637,333
8. marching-band.jpg,764,424,feet,645,368,694,420
8. marching-band.jpg,764,424,feet,691,339,735,382
8. marching-band.jpg,764,424,feet,147,313,176,336
8. marching-band.jpg,764,424,feet,197,286,213,296
8. marching-band.jpg,764,424,feet,184,288,197,297
47. 3.jpg,350,252,feet,146,172,204,208
47. 3.jpg,350,252,feet,253,172,307,207
47. 3.jpg,350,252,feet,85,141,131,163
47. 3.jpg,350,252,feet,4,176,72,214
47. 3.jpg,350,252,feet,217,135,258,156
13. walking_news.jpg,600,400,feet,364,253,503,359
62. cp11469-capri-mother-of-the-bride-dress-s14.jpg,343,647,feet,14,544,200,638
3. 00124904123932____1__516x640.jpg,516,640,feet,107,457,360,640
56. calcas-id-striker.jpg,280,280,feet,74,214,205,271
70. walk-2.jpeg,600,400,feet,247,328,301,366
70. walk-2.jpeg,600,400,feet,323,324,370,370
70. walk-2.jpeg,600,400,feet,376,323,412,372
70. walk-2.jpeg,600,400,feet,431,318,474,363
70. walk-2.jpeg,600,400,feet,467,329,535,369
70. walk-2.jpeg,600,400,feet,522,329,588,366
70. walk-2.jpeg,600,400,feet,201,319,253,355
70. walk-2.jpeg,600,400,feet,154,323,187,363
70. walk-2.jpeg,600,400,feet,52,315,139,352
70. walk-2.jpeg,600,400,feet,1,320,52,357
8. calcas-de-fato-regular-em-twill-azul-naval-homem-do-s-ate-xxl-ti549_2_fr1.jpg,350,461,feet,100,347,294,449
"84. 0039_03901981_1981?cache=on&wid=361&fmt=jpeg&qlt=75,1&resmode=sharp2&op_usm=1,1,5,0&defaultimage=photo-coming-soon.jpg",361,452,feet,101,363,173,445
6. c293ca333c2a7b67dd00b0af1460186a.jpg,404,746,feet,153,660,230,746
45. t_0318_walking-getting-started_500.fe92d04e.fill-640x229.jpg,640,229,feet,226,26,422,229
86. ahr0cdovl3d3dy5saxzlc2npzw5jzs5jb20vaw1hz2vzl2kvmdawlzazns81otgvb3jpz2luywwvzxhlcmnpc2utcgfyay0xmdeymdytmdiuanbn.jpg,300,200,feet,144,160,167,183
86. ahr0cdovl3d3dy5saxzlc2npzw5jzs5jb20vaw1hz2vzl2kvmdawlzazns81otgvb3jpz2luywwvzxhlcmnpc2utcgfyay0xmdeymdytmdiuanbn.jpg,300,200,feet,199,153,226,190
86. ahr0cdovl3d3dy5saxzlc2npzw5jzs5jb20vaw1hz2vzl2kvmdawlzazns81otgvb3jpz2luywwvzxhlcmnpc2utcgfyay0xmdeymdytmdiuanbn.jpg,300,200,feet,81,160,110,183
5. gq-suit-walk-2017-3-1.jpg,1920,1280,feet,888,1063,1111,1201
5. gq-suit-walk-2017-3-1.jpg,1920,1280,feet,1202,1047,1434,1205
5. gq-suit-walk-2017-3-1.jpg,1920,1280,feet,1484,1072,1673,1244
5. gq-suit-walk-2017-3-1.jpg,1920,1280,feet,570,1073,767,1229
5. gq-suit-walk-2017-3-1.jpg,1920,1280,feet,234,1113,413,1250
5. gq-suit-walk-2017-3-1.jpg,1920,1280,feet,752,837,879,979
5. gq-suit-walk-2017-3-1.jpg,1920,1280,feet,840,812,927,915
5. gq-suit-walk-2017-3-1.jpg,1920,1280,feet,4,782,288,916
5. gq-suit-walk-2017-3-1.jpg,1920,1280,feet,291,854,549,982
5. gq-suit-walk-2017-3-1.jpg,1920,1280,feet,1033,786,1166,876
5. gq-suit-walk-2017-3-1.jpg,1920,1280,feet,1847,648,1915,708
5. gq-suit-walk-2017-3-1.jpg,1920,1280,feet,1699,605,1842,659
3. 10000-steps-a-day.jpg,968,681,feet,433,241,617,455
12. model_2016_2_3.png,483,1233,feet,39,1002,392,1220
16. marching-huskies-3-1024x1024.jpg,1024,1024,feet,512,842,679,986
16. marching-huskies-3-1024x1024.jpg,1024,1024,feet,660,809,837,930
16. marching-huskies-3-1024x1024.jpg,1024,1024,feet,843,760,999,898
16. marching-huskies-3-1024x1024.jpg,1024,1024,feet,290,921,496,1024
16. marching-huskies-3-1024x1024.jpg,1024,1024,feet,88,989,246,1024
27. img_8655_1066x.jpg,1066,1600,feet,384,1355,841,1577
43. rear-view-starters.jpg,3983,1596,feet,2197,1013,2415,1243
43. rear-view-starters.jpg,3983,1596,feet,2662,775,2812,890
43. rear-view-starters.jpg,3983,1596,feet,3059,784,3218,902
43. rear-view-starters.jpg,3983,1596,feet,3209,707,3356,819
43. rear-view-starters.jpg,3983,1596,feet,1827,1169,2041,1349
43. rear-view-starters.jpg,3983,1596,feet,1035,1322,1230,1493
43. rear-view-starters.jpg,3983,1596,feet,1282,1187,1506,1343
43. rear-view-starters.jpg,3983,1596,feet,447,1399,688,1569
43. rear-view-starters.jpg,3983,1596,feet,59,1463,415,1578
43. rear-view-starters.jpg,3983,1596,feet,788,1293,909,1404
43. rear-view-starters.jpg,3983,1596,feet,641,1154,800,1304
43. rear-view-starters.jpg,3983,1596,feet,1747,966,1871,1131
43. rear-view-starters.jpg,3983,1596,feet,1482,925,1632,1078
43. rear-view-starters.jpg,3983,1596,feet,2474,678,2603,796
17. calcas-fato-de-treino-com-bolsos-e-tira-estampada-dos-lados-only-sons-cinzento-claro.jpg,591,791,feet,157,611,430,791
69. masculino%20-%20100%20cal%20as%20genu%20nas%201akw477%20-%20fato%20de%20treino%20com%20estampas%20mar%20timas%20-%20a224645%204536.jpg,400,400,feet,155,340,217,400
69. masculino%20-%20100%20cal%20as%20genu%20nas%201akw477%20-%20fato%20de%20treino%20com%20estampas%20mar%20timas%20-%20a224645%204536.jpg,400,400,feet,326,140,351,164
69. masculino%20-%20100%20cal%20as%20genu%20nas%201akw477%20-%20fato%20de%20treino%20com%20estampas%20mar%20timas%20-%20a224645%204536.jpg,400,400,feet,323,279,351,305
70. elegant_white_mother_of_the_bride_pants_suit_with_jacket.jpg,736,1059,feet,122,877,511,1051
79. calcas-fato-de-treino-adidas-tamanhos-grandes-adidas-performance-preto-rosa.jpg,242,322,feet,26,238,214,316
17. 04137298_zi_light_beige.jpg,1760,2040,feet,484,1499,1186,2023
5. 1538172046-woman-walking-on-a-path-royalty-free-image-503818820-1538171480.jpg,2153,1392,feet,889,222,1468,1064
66. 5-15-14-walking-kidneyistock_000014635914small.jpg,849,565,feet,68,210,525,526
73. morning-walk-longer-life-in-20-minutes.jpg,1024,750,feet,484,432,772,678
61. franklin%20marshall%20bendigo%20branco%20joggings%20roupas%20de%20treino%20-%20textil%20cal%20as%20de%20fato%20de%20treino%20mulher%2057605863.jpg,600,600,feet,203,516,355,598
"56. 92_919_8174_490_f92?cache=on&wid=361&fmt=jpeg&qlt=75,1&resmode=sharp2&op_usm=1,1,5,0&defaultimage=photo-coming-soon.jpg",361,452,feet,91,373,237,451
46. walking.jpg,958,539,feet,83,149,353,410
31. lead2a.jpg,1920,1480,feet,1287,1062,1561,1345
31. lead2a.jpg,1920,1480,feet,1753,879,1853,991
31. lead2a.jpg,1920,1480,feet,538,1040,1210,1395
63. z1.jpg,351,260,feet,71,214,117,257
63. z1.jpg,351,260,feet,244,212,322,255
42. walking-elderly_wide-ee419df4ccf63bd563171e5292f3f94a47075055.jpg,1400,786,feet,707,678,832,760
42. walking-elderly_wide-ee419df4ccf63bd563171e5292f3f94a47075055.jpg,1400,786,feet,507,639,633,760
42. niedersueszimg_7868-1-830x854.jpg,830,854,feet,391,714,530,827
65. main].jpg,264,396,feet,41,317,195,394
3. slider_2_0_stars_marching_band.jpg,1000,418,feet,495,333,562,395
3. slider_2_0_stars_marching_band.jpg,1000,418,feet,77,279,131,302
3. slider_2_0_stars_marching_band.jpg,1000,418,feet,139,276,181,295
3. slider_2_0_stars_marching_band.jpg,1000,418,feet,217,354,305,397
3. slider_2_0_stars_marching_band.jpg,1000,418,feet,886,329,932,397
3. slider_2_0_stars_marching_band.jpg,1000,418,feet,739,323,787,371
3. slider_2_0_stars_marching_band.jpg,1000,418,feet,551,292,595,326
3. slider_2_0_stars_marching_band.jpg,1000,418,feet,573,266,605,293
3. slider_2_0_stars_marching_band.jpg,1000,418,feet,355,299,407,336
3. slider_2_0_stars_marching_band.jpg,1000,418,feet,157,311,247,337
3. slider_2_0_stars_marching_band.jpg,1000,418,feet,716,288,739,318
3. slider_2_0_stars_marching_band.jpg,1000,418,feet,920,310,966,345
3. slider_2_0_stars_marching_band.jpg,1000,418,feet,295,368,405,418
29. 170907_3581362_s7_e_9_louis_takes_a_walk_of_shame.jpg,945,532,feet,260,481,352,532
23. image-81.jpeg,924,1302,feet,591,1124,837,1272
23. image-81.jpeg,924,1302,feet,414,1039,590,1140
23. image-81.jpeg,924,1302,feet,331,984,469,1066
23. image-81.jpeg,924,1302,feet,256,941,396,1026
85. walk-5-miles-for-cardiovascular-fitness.jpg,600,340,feet,327,156,445,270
60. big%20discounts%20floral%20print%20long%20sleeves%20womens%20casual%20pants%20suit%20pink%2013063935.jpeg,405,540,feet,169,465,240,535
32. maternity-pants-suit-maternity-cape-blazer-maternity-wear-baby-shower-photo-prop-maternity-pants-set-cape-gender-reveal-outfit-prego.jpg,320,400,feet,45,296,166,389
32. maternity-pants-suit-maternity-cape-blazer-maternity-wear-baby-shower-photo-prop-maternity-pants-set-cape-gender-reveal-outfit-prego.jpg,320,400,feet,192,337,294,386
71. dressy-pant-suits.jpg,800,450,feet,676,374,732,448
71. dressy-pant-suits.jpg,800,450,feet,449,370,573,440
71. dressy-pant-suits.jpg,800,450,feet,262,404,339,450
71. dressy-pant-suits.jpg,800,450,feet,42,384,177,439
65. photo-1494959764136-6be9eb3c261e?ixlib=rb-1.2.1&ixid=eyjhchbfawqiojeymdd9&w=1000&q=80.jpg,1000,667,feet,391,532,456,600
36. 1156_top-20-benefits-of-walking_shutterstock_309155306.jpg,720,810,feet,250,641,385,776
48. walking-1.png,800,450,feet,501,190,795,392
81. 00185586100548____1__516x640.jpg,516,640,feet,174,396,331,640
"37. 0092_07489475_0086?cache=on&wid=361&fmt=jpeg&qlt=75,1&resmode=sharp2&op_usm=1,1,5,0&defaultimage=photo-coming-soon.jpg",361,452,feet,129,319,308,442
37. article-2671486-1f30991400000578-137_634x463.jpg,634,463,feet,257,371,371,458
82. portfolio-very-large-3.jpg,718,330,feet,667,156,692,174
82. portfolio-very-large-3.jpg,718,330,feet,401,235,453,303
82. portfolio-very-large-3.jpg,718,330,feet,439,228,494,276
82. portfolio-very-large-3.jpg,718,330,feet,471,223,534,250
82. portfolio-very-large-3.jpg,718,330,feet,516,202,582,234
82. portfolio-very-large-3.jpg,718,330,feet,580,191,620,220
82. portfolio-very-large-3.jpg,718,330,feet,614,186,650,213
82. portfolio-very-large-3.jpg,718,330,feet,37,280,115,329
82. portfolio-very-large-3.jpg,718,330,feet,23,242,70,278
82. portfolio-very-large-3.jpg,718,330,feet,110,194,150,234
82. portfolio-very-large-3.jpg,718,330,feet,350,201,393,241
82. portfolio-very-large-3.jpg,718,330,feet,398,191,432,228
82. portfolio-very-large-3.jpg,718,330,feet,577,158,600,180
82. portfolio-very-large-3.jpg,718,330,feet,691,151,710,167
39. pants-suit-yellow-women-business-suits-blazer-female-office-uniform-2-piece-suit-ladies-winter-formal.jpg,640,640,feet,238,517,347,635
79. h-d-2018-african-women-clothing-african-traditional-set-riche-bazin-embroidery-design-dresses-blue-black_3_1024x1024.jpg,800,800,feet,302,657,510,780
51. marching-order-stage13-1024x576.jpg,1024,576,feet,476,400,566,451
51. marching-order-stage13-1024x576.jpg,1024,576,feet,127,504,259,567
51. marching-order-stage13-1024x576.jpg,1024,576,feet,248,398,327,436
51. marching-order-stage13-1024x576.jpg,1024,576,feet,696,340,749,369
51. marching-order-stage13-1024x576.jpg,1024,576,feet,740,320,793,347
51. marching-order-stage13-1024x576.jpg,1024,576,feet,783,306,838,332
51. marching-order-stage13-1024x576.jpg,1024,576,feet,823,294,865,317
51. marching-order-stage13-1024x576.jpg,1024,576,feet,858,286,902,306
51. marching-order-stage13-1024x576.jpg,1024,576,feet,880,274,908,294
51. marching-order-stage13-1024x576.jpg,1024,576,feet,896,269,929,283
51. marching-order-stage13-1024x576.jpg,1024,576,feet,914,261,943,280
51. marching-order-stage13-1024x576.jpg,1024,576,feet,935,259,963,271
51. marching-order-stage13-1024x576.jpg,1024,576,feet,959,246,980,259
51. marching-order-stage13-1024x576.jpg,1024,576,feet,354,350,455,405
51. marching-order-stage13-1024x576.jpg,1024,576,feet,43,386,139,420
51. marching-order-stage13-1024x576.jpg,1024,576,feet,449,342,498,375
51. marching-order-stage13-1024x576.jpg,1024,576,feet,282,333,349,367
51. marching-order-stage13-1024x576.jpg,1024,576,feet,10,339,79,369
3. bz8001black-2.jpg,664,1000,feet,219,808,516,994
83. 183016576_7349&$272x360$.jpg,272,360,feet,52,281,170,356
15. 20110825_un_pix27_large.jpg,800,532,feet,262,430,343,504
15. 20110825_un_pix27_large.jpg,800,532,feet,418,405,492,496
15. 20110825_un_pix27_large.jpg,800,532,feet,519,336,565,382
15. 20110825_un_pix27_large.jpg,800,532,feet,605,403,687,470
15. 20110825_un_pix27_large.jpg,800,532,feet,678,370,750,410
15. 20110825_un_pix27_large.jpg,800,532,feet,187,398,256,458
15. 20110825_un_pix27_large.jpg,800,532,feet,162,358,203,396
15. 20110825_un_pix27_large.jpg,800,532,feet,121,378,159,423
15. 20110825_un_pix27_large.jpg,800,532,feet,40,363,85,409
15. 20110825_un_pix27_large.jpg,800,532,feet,1,405,35,483
15. 20110825_un_pix27_large.jpg,800,532,feet,371,340,399,362
54. 5797627800_1_1_1.jpg,560,840,feet,183,705,388,828
"57. 92_919_8174_393_f49?cache=on&wid=640&fmt=jpeg&qlt=70,1&resmode=sharp2&op_usm=1,1,5,0&fit=fit,1.jpg",640,800,feet,188,700,441,792
60. older-couple-walking-cardio-exercise-park-monkeybusinessimages-istock_000022452808_medium.jpg,1600,1066,feet,739,921,926,1030
60. older-couple-walking-cardio-exercise-park-monkeybusinessimages-istock_000022452808_medium.jpg,1600,1066,feet,1019,900,1155,1016
4. iswalkingsuf.jpg,1356,668,feet,324,55,847,635
28. business-scene-man-walk-walking-watch-suit-work-aj693m.jpg,1300,956,feet,391,636,851,810
23. depositphotos_177630442-stock-photo-portrait-of-a-young-groom.jpg,1065,1700,feet,535,1215,755,1492
6. gettyimages-78616903.jpg,704,396,feet,269,313,479,381
24. tm87t33pbrg_c_1.jpg,1000,1350,feet,348,1070,649,1346
20. xttzng8ba8erntat3kao.jpg,590,350,feet,345,287,396,350
55. abbey-clancy-daring-white-trouser-suit.jpg,1938,3000,feet,556,2445,1278,2889
6. calcas-de-fato-regular-caviar-azul-homem-do-s-ate-xxl-vy711_1_fr1.jpg,350,461,feet,20,377,228,455
24. fiestabowl.jpg,620,330,feet,252,248,313,291
24. fiestabowl.jpg,620,330,feet,359,263,429,322
24. fiestabowl.jpg,620,330,feet,210,233,252,270
24. fiestabowl.jpg,620,330,feet,168,216,212,249
24. fiestabowl.jpg,620,330,feet,121,209,157,235
24. fiestabowl.jpg,620,330,feet,72,195,100,218
24. fiestabowl.jpg,620,330,feet,28,185,59,209
67. walking-dog_edited.jpg,1696,1131,feet,433,854,572,979
67. walking-dog_edited.jpg,1696,1131,feet,873,829,1014,989
67. walking-dog_edited.jpg,1696,1131,feet,1391,457,1445,510
45. 1122_band01-1000x667.jpeg,1000,667,feet,386,409,409,432
45. 1122_band01-1000x667.jpeg,1000,667,feet,290,365,307,379
45. 1122_band01-1000x667.jpeg,1000,667,feet,391,305,417,323
45. 1122_band01-1000x667.jpeg,1000,667,feet,431,307,457,324
45. 1122_band01-1000x667.jpeg,1000,667,feet,350,300,374,315
45. 1122_band01-1000x667.jpeg,1000,667,feet,534,374,558,397
45. 1122_band01-1000x667.jpeg,1000,667,feet,577,414,592,437
45. 1122_band01-1000x667.jpeg,1000,667,feet,598,393,633,403
45. 1122_band01-1000x667.jpeg,1000,667,feet,638,394,657,409
45. 1122_band01-1000x667.jpeg,1000,667,feet,623,311,635,326
45. 1122_band01-1000x667.jpeg,1000,667,feet,531,321,556,338
45. 1122_band01-1000x667.jpeg,1000,667,feet,500,320,525,333
45. 1122_band01-1000x667.jpeg,1000,667,feet,461,314,493,329
45. 1122_band01-1000x667.jpeg,1000,667,feet,312,300,336,316
45. 1122_band01-1000x667.jpeg,1000,667,feet,257,299,288,313
45. 1122_band01-1000x667.jpeg,1000,667,feet,237,310,255,324
45. 1122_band01-1000x667.jpeg,1000,667,feet,328,362,347,380
45. 1122_band01-1000x667.jpeg,1000,667,feet,348,364,383,384
45. 1122_band01-1000x667.jpeg,1000,667,feet,418,373,440,390
45. 1122_band01-1000x667.jpeg,1000,667,feet,454,375,494,393
45. 1122_band01-1000x667.jpeg,1000,667,feet,497,376,517,395
45. 1122_band01-1000x667.jpeg,1000,667,feet,238,395,259,411
45. 1122_band01-1000x667.jpeg,1000,667,feet,323,256,341,273
45. 1122_band01-1000x667.jpeg,1000,667,feet,278,267,290,279
45. 1122_band01-1000x667.jpeg,1000,667,feet,519,268,533,283
45. 1122_band01-1000x667.jpeg,1000,667,feet,51,298,77,310
45. 1122_band01-1000x667.jpeg,1000,667,feet,11,305,30,317
45. 1122_band01-1000x667.jpeg,1000,667,feet,107,298,134,313
45. 1122_band01-1000x667.jpeg,1000,667,feet,175,293,195,309
45. 1122_band01-1000x667.jpeg,1000,667,feet,193,261,210,277
45. 1122_band01-1000x667.jpeg,1000,667,feet,232,252,253,266
45. 1122_band01-1000x667.jpeg,1000,667,feet,178,363,211,380
45. 1122_band01-1000x667.jpeg,1000,667,feet,138,360,175,377
45. 1122_band01-1000x667.jpeg,1000,667,feet,118,363,133,378
45. 1122_band01-1000x667.jpeg,1000,667,feet,72,391,91,405
45. 1122_band01-1000x667.jpeg,1000,667,feet,22,366,65,384
45. 1122_band01-1000x667.jpeg,1000,667,feet,1,366,23,380
45. 1122_band01-1000x667.jpeg,1000,667,feet,214,365,245,378
45. 1122_band01-1000x667.jpeg,1000,667,feet,250,367,286,379
45. 1122_band01-1000x667.jpeg,1000,667,feet,90,274,109,286
45. 1122_band01-1000x667.jpeg,1000,667,feet,68,245,80,261
45. 1122_band01-1000x667.jpeg,1000,667,feet,98,255,114,270
45. 1122_band01-1000x667.jpeg,1000,667,feet,169,246,183,261
45. 1122_band01-1000x667.jpeg,1000,667,feet,765,584,791,603
45. 1122_band01-1000x667.jpeg,1000,667,feet,744,403,770,426
45. 1122_band01-1000x667.jpeg,1000,667,feet,714,400,729,416
45. 1122_band01-1000x667.jpeg,1000,667,feet,673,396,710,412
45. 1122_band01-1000x667.jpeg,1000,667,feet,715,312,731,326
45. 1122_band01-1000x667.jpeg,1000,667,feet,826,414,863,437
45. 1122_band01-1000x667.jpeg,1000,667,feet,869,426,889,444
45. 1122_band01-1000x667.jpeg,1000,667,feet,962,432,981,453
45. 1122_band01-1000x667.jpeg,1000,667,feet,919,425,964,446
45. 1122_band01-1000x667.jpeg,1000,667,feet,849,359,884,382
45. 1122_band01-1000x667.jpeg,1000,667,feet,908,314,930,329
45. 1122_band01-1000x667.jpeg,1000,667,feet,949,314,969,330
45. 1122_band01-1000x667.jpeg,1000,667,feet,744,305,755,323
45. 1122_band01-1000x667.jpeg,1000,667,feet,681,288,695,305
45. 1122_band01-1000x667.jpeg,1000,667,feet,770,406,804,429
29. guest_ec69e626-e349-443f-a0cf-49514b162694?wid=488&hei=488&fmt=pjpeg.jpg,488,488,feet,195,329,354,451
13. bfec65f394ca06a67731ec0889fbbc9c--suit-shop-womens-suits.jpg,236,307,feet,101,248,143,307
51. slider_1_-_walk_this_way.jpg,1200,512,feet,301,164,654,313
51. slider_1_-_walk_this_way.jpg,1200,512,feet,756,305,1092,498
81. top_som_bands_wmb.jpg,1920,525,feet,438,434,540,507
81. top_som_bands_wmb.jpg,1920,525,feet,513,425,587,470
81. top_som_bands_wmb.jpg,1920,525,feet,658,425,747,471
81. top_som_bands_wmb.jpg,1920,525,feet,724,382,806,436
81. top_som_bands_wmb.jpg,1920,525,feet,1130,374,1205,450
81. top_som_bands_wmb.jpg,1920,525,feet,1424,386,1505,456
81. top_som_bands_wmb.jpg,1920,525,feet,355,427,447,471
81. top_som_bands_wmb.jpg,1920,525,feet,45,436,154,478
6. article-0-136012ea000005dc-0_468x819.jpg,468,819,feet,167,722,296,815
39. adidas-originals-jogging-pants-calcas-de-jogging-adidas-originals-beckenbauer-tp-black.jpg,300,300,feet,117,163,184,277
53. buy-work-pants-online_1024x1024.jpg,683,1024,feet,273,851,496,974
36. jk00037_saphire_1546-8.jpg,1303,1955,feet,378,1635,986,1914
51. d_np_638831-mlb26621858124_012018-q.jpg,284,284,feet,40,220,109,254
51. d_np_638831-mlb26621858124_012018-q.jpg,284,284,feet,121,223,190,253
9. 1120331.jpg,800,601,feet,231,517,356,592
9. 1120331.jpg,800,601,feet,32,534,167,601
9. 1120331.jpg,800,601,feet,413,503,550,571
9. 1120331.jpg,800,601,feet,339,464,470,526
9. 1120331.jpg,800,601,feet,620,530,716,601
9. 1120331.jpg,800,601,feet,123,281,155,317
9. 1120331.jpg,800,601,feet,99,114,152,141
9. 1120331.jpg,800,601,feet,341,52,365,69
9. 1120331.jpg,800,601,feet,318,42,345,59
9. 1120331.jpg,800,601,feet,242,4,267,20
9. 1120331.jpg,800,601,feet,664,28,711,56
9. 1120331.jpg,800,601,feet,25,92,77,117
9. 1120331.jpg,800,601,feet,177,132,217,150
9. 1120331.jpg,800,601,feet,1,87,45,113
80. barackobamasurprisewalk3.jpg,700,462,feet,398,378,458,445
80. barackobamasurprisewalk3.jpg,700,462,feet,546,346,657,401
80. barackobamasurprisewalk3.jpg,700,462,feet,201,394,270,449
80. barackobamasurprisewalk3.jpg,700,462,feet,84,379,214,427
80. barackobamasurprisewalk3.jpg,700,462,feet,30,255,143,327
80. barackobamasurprisewalk3.jpg,700,462,feet,481,281,608,339
38. mensfashion.jpg,1542,1026,feet,671,574,757,641
38. mensfashion.jpg,1542,1026,feet,792,576,850,639
38. mensfashion.jpg,1542,1026,feet,191,703,290,796
22. walking-weight-loss-864x576.jpg,864,576,feet,225,122,497,441
22. marines-2018a.jpg,851,569,feet,477,338,507,372
22. marines-2018a.jpg,851,569,feet,405,351,434,384
22. marines-2018a.jpg,851,569,feet,549,332,575,364
22. marines-2018a.jpg,851,569,feet,607,368,637,403
22. marines-2018a.jpg,851,569,feet,577,316,603,346
22. marines-2018a.jpg,851,569,feet,370,341,399,372
22. marines-2018a.jpg,851,569,feet,328,365,358,395
22. marines-2018a.jpg,851,569,feet,294,351,318,380
22. marines-2018a.jpg,851,569,feet,685,320,706,352
22. marines-2018a.jpg,851,569,feet,651,303,674,325
22. marines-2018a.jpg,851,569,feet,638,317,664,335
22. marines-2018a.jpg,851,569,feet,443,328,468,361
22. marines-2018a.jpg,851,569,feet,514,324,540,350
22. marines-2018a.jpg,851,569,feet,785,308,818,341
22. marines-2018a.jpg,851,569,feet,733,311,763,348
22. marines-2018a.jpg,851,569,feet,692,308,718,329
22. marines-2018a.jpg,851,569,feet,62,296,79,317
22. marines-2018a.jpg,851,569,feet,85,307,105,328
22. marines-2018a.jpg,851,569,feet,119,374,143,405
22. marines-2018a.jpg,851,569,feet,176,388,203,423
22. marines-2018a.jpg,851,569,feet,240,374,270,408
22. marines-2018a.jpg,851,569,feet,259,345,288,367
7. 6561bce007211bb320cd131f00867659.jpg,641,641,feet,177,451,512,619
19. young-athlete-is-walking-along-the-embankment.jpg,849,565,feet,202,403,468,536
17. hiit-for-beginners-week-1-walking-intervals-752x472.jpg,752,472,feet,193,393,235,461
55. hal_051235157378_640x360.jpg,640,360,feet,194,273,371,340
55. hal_051235157378_640x360.jpg,640,360,feet,586,221,634,259
55. hal_051235157378_640x360.jpg,640,360,feet,1,298,205,360
55. hal_051235157378_640x360.jpg,640,360,feet,128,231,232,275
23. brisk-walking.jpg,643,482,feet,358,406,631,482
22. 20170906-j0682815-677x800.jpg,677,800,feet,299,641,394,789
46. rewalk_mobile2.jpg,719,560,feet,326,451,433,539
59. coloured-pant-suits.jpg,800,450,feet,43,391,154,449
59. coloured-pant-suits.jpg,800,450,feet,206,362,352,440
59. coloured-pant-suits.jpg,800,450,feet,423,358,530,440
59. coloured-pant-suits.jpg,800,450,feet,654,373,782,440
74. 2015_04_20_11_16_48.jpg,960,641,feet,636,477,748,569
74. 2015_04_20_11_16_48.jpg,960,641,feet,752,350,812,398
74. 2015_04_20_11_16_48.jpg,960,641,feet,475,585,646,641
41. walking-in-alsace-394673-500px.jpg,500,500,feet,358,367,413,440
25. cute-toddler-girl-walking-outdoors-1.jpg,2737,1827,feet,1756,1376,2328,1590
35. the_walking_dead_season_9_episode_3_1.0.jpg,1200,800,feet,424,517,487,604
35. the_walking_dead_season_9_episode_3_1.0.jpg,1200,800,feet,612,513,695,608
24. walk-yourself-slimmer.jpg,513,433,feet,288,301,371,365
35. file_15465778769385.jpeg,810,1080,feet,160,793,616,1034
3. suit-walk-2018.jpeg,600,400,feet,488,321,551,381
3. suit-walk-2018.jpeg,600,400,feet,436,320,492,374
3. suit-walk-2018.jpeg,600,400,feet,381,303,432,355
3. suit-walk-2018.jpeg,600,400,feet,207,310,262,344
3. suit-walk-2018.jpeg,600,400,feet,171,317,223,355
3. suit-walk-2018.jpeg,600,400,feet,55,340,142,371
3. suit-walk-2018.jpeg,600,400,feet,106,320,175,353
3. suit-walk-2018.jpeg,600,400,feet,249,312,296,355
3. suit-walk-2018.jpeg,600,400,feet,287,320,342,361
3. suit-walk-2018.jpeg,600,400,feet,330,308,377,349
3. suit-walk-2018.jpeg,600,400,feet,552,246,582,268
3. suit-walk-2018.jpeg,600,400,feet,2,247,60,272
72. reasons-why-youre-losing-weight-walking.jpg,1024,683,feet,343,83,649,512
27. img_9735.jpg,800,533,feet,1,275,45,308
27. img_9735.jpg,800,533,feet,27,279,71,319
27. img_9735.jpg,800,533,feet,68,295,105,321
27. img_9735.jpg,800,533,feet,91,412,198,485
27. img_9735.jpg,800,533,feet,227,416,307,477
27. img_9735.jpg,800,533,feet,309,414,399,474
27. img_9735.jpg,800,533,feet,407,420,508,489
27. img_9735.jpg,800,533,feet,501,434,579,511
27. img_9735.jpg,800,533,feet,589,460,666,533
27. img_9735.jpg,800,533,feet,709,275,751,319
27. img_9735.jpg,800,533,feet,197,287,239,315
63. croppedimage780415-walking-the-angles-way-near-bungay-credit-david-falk.jpg,780,415,feet,183,360,258,406
63. croppedimage780415-walking-the-angles-way-near-bungay-credit-david-falk.jpg,780,415,feet,593,330,670,387
63. croppedimage780415-walking-the-angles-way-near-bungay-credit-david-falk.jpg,780,415,feet,546,293,600,358
61. lake-walk.png,595,271,feet,294,216,337,247
"46. 414utt7xa0l._ac_ul260_sr200,260_.jpg",200,260,feet,38,216,130,256
80. 535345480_1_360x464.jpg,360,464,feet,89,333,275,456
27. dp802_sbd_fr.jpg,583,746,feet,105,576,369,746
76. diet-detective-walk-for-your-health.jpg,460,345,feet,367,197,435,297
76. diet-detective-walk-for-your-health.jpg,460,345,feet,179,151,286,272
76. diet-detective-walk-for-your-health.jpg,460,345,feet,27,171,104,248
18. 1.0x0.jpg,430,513,feet,168,431,343,512
12. 0d010d42-30df-4e40-a736-af07c5d3e66e.jpg,1920,650,feet,524,542,649,650
12. 0d010d42-30df-4e40-a736-af07c5d3e66e.jpg,1920,650,feet,783,451,906,551
12. 0d010d42-30df-4e40-a736-af07c5d3e66e.jpg,1920,650,feet,348,394,447,478
12. 0d010d42-30df-4e40-a736-af07c5d3e66e.jpg,1920,650,feet,155,278,208,323
12. 0d010d42-30df-4e40-a736-af07c5d3e66e.jpg,1920,650,feet,1609,458,1726,592
12. 0d010d42-30df-4e40-a736-af07c5d3e66e.jpg,1920,650,feet,1745,458,1840,551
12. 0d010d42-30df-4e40-a736-af07c5d3e66e.jpg,1920,650,feet,1802,422,1916,504
12. 0d010d42-30df-4e40-a736-af07c5d3e66e.jpg,1920,650,feet,1206,372,1304,444
12. 0d010d42-30df-4e40-a736-af07c5d3e66e.jpg,1920,650,feet,965,315,1031,375
12. 0d010d42-30df-4e40-a736-af07c5d3e66e.jpg,1920,650,feet,919,260,987,307
12. 0d010d42-30df-4e40-a736-af07c5d3e66e.jpg,1920,650,feet,723,200,772,239
12. 0d010d42-30df-4e40-a736-af07c5d3e66e.jpg,1920,650,feet,1470,537,1560,650
8. img_9938.jpg,800,571,feet,404,476,503,571
8. img_9938.jpg,800,571,feet,162,477,281,571
8. img_9938.jpg,800,571,feet,660,281,710,320
8. img_9938.jpg,800,571,feet,702,275,757,311
8. img_9938.jpg,800,571,feet,553,223,578,247
8. img_9938.jpg,800,571,feet,593,220,625,248
8. img_9938.jpg,800,571,feet,630,221,653,236
8. img_9938.jpg,800,571,feet,359,303,408,340
8. img_9938.jpg,800,571,feet,1,290,66,316
8. img_9938.jpg,800,571,feet,318,239,341,257
8. img_9938.jpg,800,571,feet,291,242,316,258
8. img_9938.jpg,800,571,feet,73,245,121,269
8. img_9938.jpg,800,571,feet,39,240,69,263
8. img_9938.jpg,800,571,feet,120,228,149,246
8. img_9938.jpg,800,571,feet,766,177,787,194
5. 8581523986_6b3c348336_b.jpg&w=750&h=340.jpg,750,340,feet,52,268,136,310
5. 8581523986_6b3c348336_b.jpg&w=750&h=340.jpg,750,340,feet,261,286,341,340
5. 8581523986_6b3c348336_b.jpg&w=750&h=340.jpg,750,340,feet,355,278,473,334
5. 8581523986_6b3c348336_b.jpg&w=750&h=340.jpg,750,340,feet,137,259,236,305
5. 8581523986_6b3c348336_b.jpg&w=750&h=340.jpg,750,340,feet,1,246,77,284
5. 8581523986_6b3c348336_b.jpg&w=750&h=340.jpg,750,340,feet,610,302,743,340
5. 8581523986_6b3c348336_b.jpg&w=750&h=340.jpg,750,340,feet,477,265,570,300
5. 8581523986_6b3c348336_b.jpg&w=750&h=340.jpg,750,340,feet,232,260,311,295
5. 8581523986_6b3c348336_b.jpg&w=750&h=340.jpg,750,340,feet,193,227,239,253
5. 8581523986_6b3c348336_b.jpg&w=750&h=340.jpg,750,340,feet,357,248,428,280
5. 8581523986_6b3c348336_b.jpg&w=750&h=340.jpg,750,340,feet,453,238,486,264
5. 8581523986_6b3c348336_b.jpg&w=750&h=340.jpg,750,340,feet,660,273,750,313
5. 8581523986_6b3c348336_b.jpg&w=750&h=340.jpg,750,340,feet,1,213,20,241
5. 8581523986_6b3c348336_b.jpg&w=750&h=340.jpg,750,340,feet,239,216,283,247
27. walking%20-%20mladen%20zivkovic.jpg,1600,1067,feet,389,567,1086,925
75. track-pants-tendencia-primavera-verao-20181.jpg,563,845,feet,155,665,406,795
71. clinical-trials-francoise-pause-during-trial-wandercraft-e1528749177214.jpg,640,474,feet,249,356,322,417
71. clinical-trials-francoise-pause-during-trial-wandercraft-e1528749177214.jpg,640,474,feet,322,378,392,453
71. clinical-trials-francoise-pause-during-trial-wandercraft-e1528749177214.jpg,640,474,feet,451,353,508,417
71. clinical-trials-francoise-pause-during-trial-wandercraft-e1528749177214.jpg,640,474,feet,475,389,593,474
71. clinical-trials-francoise-pause-during-trial-wandercraft-e1528749177214.jpg,640,474,feet,156,448,251,474
71. clinical-trials-francoise-pause-during-trial-wandercraft-e1528749177214.jpg,640,474,feet,1,405,111,471
71. clinical-trials-francoise-pause-during-trial-wandercraft-e1528749177214.jpg,640,474,feet,512,341,601,377
55. istock-18821363-walking-city-crosswalk_wide-f6fbdcc04624d2bfe16930b9e257ad5bfe96c4fe.jpg,1400,787,feet,151,305,859,503
48. calcas-fato-de-treino-homem-em-moletao-a-imitar-ganga-azul.jpg,242,322,feet,36,228,180,315
1. rbvaefnbn1gajoz3aaco_j8ltgy726.jpg,640,640,feet,276,548,375,637
86. image.jpg,960,540,feet,418,399,525,474
86. image.jpg,960,540,feet,609,362,653,413
86. image.jpg,960,540,feet,491,351,548,387
86. image.jpg,960,540,feet,232,458,424,535
86. image.jpg,960,540,feet,147,457,335,522
34. alexander-mcqueen-grain-de-poudre-wool-slim-leg-pants-315x473.jpg,315,473,feet,64,384,211,473
30. 04-03-18_studio_1_hdp21327_lightbluewash0113.jpg,2624,3936,feet,816,2903,1741,3870
25. calcas-botoes-de-pressao.jpg,280,280,feet,96,205,183,271
24. 091418_mens_pants_shop_by_fit.jpg,947,605,feet,788,414,933,522
24. 091418_mens_pants_shop_by_fit.jpg,947,605,feet,590,424,781,524
24. 091418_mens_pants_shop_by_fit.jpg,947,605,feet,373,442,572,525
24. 091418_mens_pants_shop_by_fit.jpg,947,605,feet,191,449,366,525
24. 091418_mens_pants_shop_by_fit.jpg,947,605,feet,1,443,185,531
42. white-pant-suits.jpg,800,450,feet,453,359,526,445
42. white-pant-suits.jpg,800,450,feet,646,374,708,443
42. white-pant-suits.jpg,800,450,feet,266,374,360,434
42. white-pant-suits.jpg,800,450,feet,59,392,138,436
42. calcas-jogging-olivia-palermo-554x900.jpg,554,900,feet,217,696,358,864
21. 3cbb89499710bf87c95cbbc6f3c2bd50.jpg,641,641,feet,248,448,399,641
65. 4867458_66.jpg,560,560,feet,79,455,180,537
6. bd4233807cd8a8d9566d98127eda7b7a.jpg,2084,1140,feet,388,964,782,1132
6. bd4233807cd8a8d9566d98127eda7b7a.jpg,2084,1140,feet,748,840,1117,985
6. bd4233807cd8a8d9566d98127eda7b7a.jpg,2084,1140,feet,1764,552,2031,644
6. bd4233807cd8a8d9566d98127eda7b7a.jpg,2084,1140,feet,1640,600,1928,659
6. bd4233807cd8a8d9566d98127eda7b7a.jpg,2084,1140,feet,1520,615,1640,762
6. bd4233807cd8a8d9566d98127eda7b7a.jpg,2084,1140,feet,1299,644,1484,797
6. bd4233807cd8a8d9566d98127eda7b7a.jpg,2084,1140,feet,107,644,305,720
6. bd4233807cd8a8d9566d98127eda7b7a.jpg,2084,1140,feet,234,517,385,588
6. bd4233807cd8a8d9566d98127eda7b7a.jpg,2084,1140,feet,1,741,73,894
6. bd4233807cd8a8d9566d98127eda7b7a.jpg,2084,1140,feet,960,759,1317,883
33. maxresdefault.jpg,1280,720,feet,528,540,705,682
33. maxresdefault.jpg,1280,720,feet,8,601,250,720
33. maxresdefault.jpg,1280,720,feet,254,560,450,661
33. maxresdefault.jpg,1280,720,feet,1061,544,1278,720
12. walking-guides.jpeg,1800,1013,feet,803,440,1303,985
13. 00185586100530____1__516x640.jpg,516,640,feet,23,482,387,637
36. slide3.jpg,960,451,feet,389,278,439,334
36. slide3.jpg,960,451,feet,228,277,268,331
36. slide3.jpg,960,451,feet,31,233,73,285
36. slide3.jpg,960,451,feet,45,231,88,278
36. slide3.jpg,960,451,feet,79,223,114,266
36. slide3.jpg,960,451,feet,114,226,146,263
36. slide3.jpg,960,451,feet,1,260,41,304
36. slide3.jpg,960,451,feet,469,341,524,400
36. slide3.jpg,960,451,feet,573,284,618,337
36. slide3.jpg,960,451,feet,709,289,755,338
36. slide3.jpg,960,451,feet,252,273,289,303
36. slide3.jpg,960,451,feet,281,250,320,291
36. slide3.jpg,960,451,feet,548,270,590,305
61. bbdba7f76a8cfa478365fe6fb3d333a1.jpg,500,500,feet,68,381,178,492
60. img_9116.jpg,780,520,feet,475,405,558,463
60. img_9116.jpg,780,520,feet,88,419,150,471
60. img_9116.jpg,780,520,feet,199,469,278,520
60. img_9116.jpg,780,520,feet,381,384,449,418
60. img_9116.jpg,780,520,feet,417,362,470,381
60. img_9116.jpg,780,520,feet,561,350,619,392
60. img_9116.jpg,780,520,feet,620,313,673,338
60. img_9116.jpg,780,520,feet,668,310,687,329
60. img_9116.jpg,780,520,feet,683,314,709,341
60. img_9116.jpg,780,520,feet,156,298,184,319
60. img_9116.jpg,780,520,feet,1,382,82,434
52. walking-trees.jpg,1513,1560,feet,899,1258,1017,1399
28. cr-health-inlinehero-running-better-than-walking-06-18.jpg,1199,674,feet,520,576,654,674
52. 165814.jpg,224,336,feet,129,265,192,331
10. brisk-walking.jpg,592,592,feet,80,442,305,523
10. brisk-walking.jpg,592,592,feet,198,437,424,506
32. walking-759-getty-images.jpg,759,422,feet,404,113,689,404
39. 170501154151-exercise-walking-stock-super-tease.jpg,1100,619,feet,101,312,293,458
39. 170501154151-exercise-walking-stock-super-tease.jpg,1100,619,feet,380,307,573,471
39. 170501154151-exercise-walking-stock-super-tease.jpg,1100,619,feet,857,257,1038,383
39. 170501154151-exercise-walking-stock-super-tease.jpg,1100,619,feet,617,275,727,383
39. 170501154151-exercise-walking-stock-super-tease.jpg,1100,619,feet,555,204,680,319
39. 170501154151-exercise-walking-stock-super-tease.jpg,1100,619,feet,328,214,433,322
39. 170501154151-exercise-walking-stock-super-tease.jpg,1100,619,feet,46,180,142,326
43. women-suit-professional-ladies-twinset-coat.jpg,902,900,feet,379,738,516,900
13. image.jpg,620,349,feet,298,282,350,340
13. image.jpg,620,349,feet,215,250,274,309
13. image.jpg,620,349,feet,162,239,202,280
13. image.jpg,620,349,feet,115,232,149,267
13. image.jpg,620,349,feet,6,196,47,225
13. image.jpg,620,349,feet,46,208,90,236
13. image.jpg,620,349,feet,77,224,114,251
13. image.jpg,620,349,feet,263,200,285,223
13. image.jpg,620,349,feet,357,213,391,246
13. image.jpg,620,349,feet,492,258,537,326
13. image.jpg,620,349,feet,425,321,470,349
13. image.jpg,620,349,feet,291,180,314,200
13. image.jpg,620,349,feet,138,184,169,206
18. burn-more-calories-walking.jpg,1000,667,feet,84,522,327,619
18. burn-more-calories-walking.jpg,1000,667,feet,309,520,599,616
12. 58b6871950216396432d33fe916f8a1f.jpg,641,641,feet,182,459,411,634
29. dsc02869.jpg,2400,1353,feet,1227,1098,1367,1218
29. dsc02869.jpg,2400,1353,feet,980,986,1103,1105
29. dsc02869.jpg,2400,1353,feet,794,1086,936,1195
29. dsc02869.jpg,2400,1353,feet,611,976,717,1086
29. dsc02869.jpg,2400,1353,feet,413,1077,527,1184
29. dsc02869.jpg,2400,1353,feet,1496,921,1610,1026
29. dsc02869.jpg,2400,1353,feet,1934,1112,2073,1230
29. dsc02869.jpg,2400,1353,feet,2301,1123,2400,1238
29. dsc02869.jpg,2400,1353,feet,2239,786,2313,867
29. dsc02869.jpg,2400,1353,feet,2152,712,2238,804
29. dsc02869.jpg,2400,1353,feet,225,962,364,1053
29. dsc02869.jpg,2400,1353,feet,1174,893,1266,1011
32. business-men-women-wear-black-suit-walk-together-luggage-public-street-travel-concept-man-woman-111719185.jpg,1300,955,feet,539,632,655,738
32. business-men-women-wear-black-suit-walk-together-luggage-public-street-travel-concept-man-woman-111719185.jpg,1300,955,feet,359,634,467,744
79. ucla+bruin+marching+band+trumpet+section+in+studio_thmb.jpg,301,211,feet,89,147,116,164
79. ucla+bruin+marching+band+trumpet+section+in+studio_thmb.jpg,301,211,feet,116,138,142,160
79. ucla+bruin+marching+band+trumpet+section+in+studio_thmb.jpg,301,211,feet,148,134,173,150
79. ucla+bruin+marching+band+trumpet+section+in+studio_thmb.jpg,301,211,feet,174,125,211,147
79. ucla+bruin+marching+band+trumpet+section+in+studio_thmb.jpg,301,211,feet,208,124,233,143
79. ucla+bruin+marching+band+trumpet+section+in+studio_thmb.jpg,301,211,feet,240,123,272,137
79. ucla+bruin+marching+band+trumpet+section+in+studio_thmb.jpg,301,211,feet,53,152,84,174
79. ucla+bruin+marching+band+trumpet+section+in+studio_thmb.jpg,301,211,feet,10,164,52,189
5. 400cn2bt365_1.jpg,415,540,feet,170,440,253,520
80. femalewalkers735x428.jpg,735,428,feet,470,342,535,416
80. femalewalkers735x428.jpg,735,428,feet,614,320,701,425
80. femalewalkers735x428.jpg,735,428,feet,296,330,385,417
80. femalewalkers735x428.jpg,735,428,feet,261,294,322,330
80. femalewalkers735x428.jpg,735,428,feet,375,291,408,321
80. femalewalkers735x428.jpg,735,428,feet,406,253,442,275
80. femalewalkers735x428.jpg,735,428,feet,148,270,179,302
80. femalewalkers735x428.jpg,735,428,feet,86,234,112,258
80. femalewalkers735x428.jpg,735,428,feet,232,279,283,303
80. femalewalkers735x428.jpg,735,428,feet,208,242,261,264
12. 20e2f6b9-2b2f-49eb-9c50-a610a027d71a-620x372.jpeg,300,180,feet,147,147,185,176
26. marching-band-coldstream-guards-18053983.jpg,1300,965,feet,501,646,626,710
26. marching-band-coldstream-guards-18053983.jpg,1300,965,feet,858,611,964,674
26. marching-band-coldstream-guards-18053983.jpg,1300,965,feet,1192,621,1275,680
26. marching-band-coldstream-guards-18053983.jpg,1300,965,feet,1093,578,1145,615
26. marching-band-coldstream-guards-18053983.jpg,1300,965,feet,1051,567,1103,603
26. marching-band-coldstream-guards-18053983.jpg,1300,965,feet,1151,588,1201,631
26. marching-band-coldstream-guards-18053983.jpg,1300,965,feet,260,614,356,674
26. marching-band-coldstream-guards-18053983.jpg,1300,965,feet,13,602,138,678
26. marching-band-coldstream-guards-18053983.jpg,1300,965,feet,119,605,179,654
26. marching-band-coldstream-guards-18053983.jpg,1300,965,feet,161,580,244,640
26. marching-band-coldstream-guards-18053983.jpg,1300,965,feet,335,600,409,648
26. marching-band-coldstream-guards-18053983.jpg,1300,965,feet,392,584,457,635
26. marching-band-coldstream-guards-18053983.jpg,1300,965,feet,590,610,670,668
56. maxresdefault.jpg,1280,720,feet,850,518,989,579
56. maxresdefault.jpg,1280,720,feet,995,542,1116,606
56. maxresdefault.jpg,1280,720,feet,1107,569,1238,628
56. maxresdefault.jpg,1280,720,feet,274,634,440,693
56. maxresdefault.jpg,1280,720,feet,164,602,335,654
56. maxresdefault.jpg,1280,720,feet,113,570,267,625
56. maxresdefault.jpg,1280,720,feet,67,565,199,601
56. maxresdefault.jpg,1280,720,feet,826,424,893,459
56. maxresdefault.jpg,1280,720,feet,956,428,1039,458
56. maxresdefault.jpg,1280,720,feet,964,392,1018,415
56. maxresdefault.jpg,1280,720,feet,17,539,119,569
59. 1400269.large.jpg,650,400,feet,223,327,291,391
59. 1400269.large.jpg,650,400,feet,345,321,396,399
43. 00157319204384____1__516x640.jpg,516,640,feet,107,442,367,622
20. 1200px-cornell_big_red_marching_band_2017.jpg,1200,800,feet,982,479,1025,515
20. 1200px-cornell_big_red_marching_band_2017.jpg,1200,800,feet,927,433,967,471
20. 1200px-cornell_big_red_marching_band_2017.jpg,1200,800,feet,1034,520,1077,556
20. 1200px-cornell_big_red_marching_band_2017.jpg,1200,800,feet,866,541,903,582
20. 1200px-cornell_big_red_marching_band_2017.jpg,1200,800,feet,827,435,871,473
20. 1200px-cornell_big_red_marching_band_2017.jpg,1200,800,feet,640,416,680,445
20. 1200px-cornell_big_red_marching_band_2017.jpg,1200,800,feet,630,379,651,401
20. 1200px-cornell_big_red_marching_band_2017.jpg,1200,800,feet,1063,602,1104,652
20. 1200px-cornell_big_red_marching_band_2017.jpg,1200,800,feet,818,575,858,604
20. 1200px-cornell_big_red_marching_band_2017.jpg,1200,800,feet,665,443,699,469
20. 1200px-cornell_big_red_marching_band_2017.jpg,1200,800,feet,596,393,631,411
20. 1200px-cornell_big_red_marching_band_2017.jpg,1200,800,feet,876,565,898,600
20. 1200px-cornell_big_red_marching_band_2017.jpg,1200,800,feet,752,350,775,369
20. 1200px-cornell_big_red_marching_band_2017.jpg,1200,800,feet,731,333,754,351
20. 1200px-cornell_big_red_marching_band_2017.jpg,1200,800,feet,809,329,828,340
57. male-businessman-worker-black-suit-shirt-sunglasses-hands-pockets-walking-oute-street-park-summer-day-walk-111602124.jpg,957,1300,feet,339,1011,498,1117
"74. 315tddbfmwl._ac_ul260_sr200,260_.jpg",200,260,feet,86,227,125,260
78. ums09.jpg,550,1200,feet,173,1060,384,1200
75. 05508137_zi_antique_blue.jpg,414,480,feet,127,412,254,478
73. 4.jpg,385,519,feet,107,449,275,519
82. 357364_1300341_updates.jpg,700,400,feet,286,367,339,400
82. 357364_1300341_updates.jpg,700,400,feet,382,353,461,399
82. 357364_1300341_updates.jpg,700,400,feet,457,373,566,400
82. 357364_1300341_updates.jpg,700,400,feet,238,351,285,399
82. 357364_1300341_updates.jpg,700,400,feet,115,359,180,400
82. 357364_1300341_updates.jpg,700,400,feet,322,338,387,375
82. 357364_1300341_updates.jpg,700,400,feet,134,335,195,377
24. depositphotos_186958590-stock-photo-male-businessman-or-worker-in.jpg,1067,1700,feet,390,1231,640,1577
87. summer-pant-suits-1.jpg,800,450,feet,441,371,535,433
87. summer-pant-suits-1.jpg,800,450,feet,624,388,754,441
87. summer-pant-suits-1.jpg,800,450,feet,199,389,337,450
87. summer-pant-suits-1.jpg,800,450,feet,76,404,154,438
38. nakd_wide_cropped_trousers_1100-000785-0002_01c.jpg,640,960,feet,202,737,537,925
30. wihs-campaign-image.jpg,930,620,feet,127,534,224,620
30. wihs-campaign-image.jpg,930,620,feet,287,517,367,613
8. new-pants-suits-women-2-pieces-business-formal.jpg,800,800,feet,653,656,755,790
